-- ============================================
-- DDL: Schema Definitions
-- ============================================

DROP TABLE IF EXISTS fact_sales;
DROP TABLE IF EXISTS dim_products;
DROP TABLE IF EXISTS dim_customers;

CREATE TABLE dim_customers (
    customer_id SERIAL PRIMARY KEY,
    first_name VARCHAR(50) NOT NULL,
    last_name VARCHAR(50) NOT NULL,
    email VARCHAR(100) UNIQUE NOT NULL,
    phone VARCHAR(20)
);

CREATE TABLE dim_products (
    product_id SERIAL PRIMARY KEY,
    product_name VARCHAR(100) NOT NULL,
    category VARCHAR(50),
    price DECIMAL(10,2) NOT NULL
);

CREATE TABLE fact_sales (
    sale_id SERIAL PRIMARY KEY,
    customer_id INT REFERENCES dim_customers(customer_id),
    product_id INT REFERENCES dim_products(product_id),
    quantity INT NOT NULL,
    total_amount DECIMAL(10,2) NOT NULL,
    sale_date TIMESTAMP NOT NULL
);

CREATE INDEX idx_fact_sales_customer_id ON fact_sales(customer_id);
CREATE INDEX idx_fact_sales_product_id ON fact_sales(product_id);
CREATE INDEX idx_fact_sales_sale_date ON fact_sales(sale_date);

-- ============================================
-- DML: Insert Seeds
-- ============================================

-- Inserting Products
INSERT INTO dim_products (product_id, product_name, category, price) VALUES (1, 'Laptop Pro 15', 'Electronics', 1299.99);
INSERT INTO dim_products (product_id, product_name, category, price) VALUES (2, 'Wireless Gaming Mouse', 'Electronics', 59.99);
INSERT INTO dim_products (product_id, product_name, category, price) VALUES (3, 'Mechanical Keyboard', 'Electronics', 109.99);
INSERT INTO dim_products (product_id, product_name, category, price) VALUES (4, '27-inch 4K Monitor', 'Electronics', 349.99);
INSERT INTO dim_products (product_id, product_name, category, price) VALUES (5, 'Ergonomic Desk Chair', 'Furniture', 249.99);
INSERT INTO dim_products (product_id, product_name, category, price) VALUES (6, 'Standing Desk', 'Furniture', 599.99);
INSERT INTO dim_products (product_id, product_name, category, price) VALUES (7, 'Coffee Mug', 'Accessories', 14.99);
INSERT INTO dim_products (product_id, product_name, category, price) VALUES (8, 'Noise-cancelling Headphones', 'Electronics', 199.99);
INSERT INTO dim_products (product_id, product_name, category, price) VALUES (9, 'USB-C Hub', 'Accessories', 49.99);
INSERT INTO dim_products (product_id, product_name, category, price) VALUES (10, 'Leather Notebook', 'Office', 19.99);
INSERT INTO dim_products (product_id, product_name, category, price) VALUES (11, 'Webcam 1080p', 'Electronics', 69.99);
INSERT INTO dim_products (product_id, product_name, category, price) VALUES (12, 'Desk Lamp', 'Furniture', 39.99);
INSERT INTO dim_products (product_id, product_name, category, price) VALUES (13, 'Tablet Air', 'Electronics', 499.99);
INSERT INTO dim_products (product_id, product_name, category, price) VALUES (14, 'Smartphone Stand', 'Accessories', 12.99);
INSERT INTO dim_products (product_id, product_name, category, price) VALUES (15, 'External HDD 2TB', 'Electronics', 89.99);

-- Inserting Customers (500 rows with PII)
INSERT INTO dim_customers (customer_id, first_name, last_name, email, phone) VALUES (1, 'Christopher', 'Rivera', 'christopher40@enterprise.com', '889-429-3607');
INSERT INTO dim_customers (customer_id, first_name, last_name, email, phone) VALUES (2, 'Patricia', 'King', 'patricia67@corporate.org', '331-462-2682');
INSERT INTO dim_customers (customer_id, first_name, last_name, email, phone) VALUES (3, 'Deborah', 'Walker', 'walker_deborah@enterprise.com', '961-991-7743');
INSERT INTO dim_customers (customer_id, first_name, last_name, email, phone) VALUES (4, 'Thomas', 'Thomas', 'thomas20@corporate.org', '645-865-2333');
INSERT INTO dim_customers (customer_id, first_name, last_name, email, phone) VALUES (5, 'Jessica', 'Torres', 'jessica36@outlook.com', '452-878-2662');
INSERT INTO dim_customers (customer_id, first_name, last_name, email, phone) VALUES (6, 'Kimberly', 'Thompson', 'kimberly.thompson@gmail.com', '250-268-2800');
INSERT INTO dim_customers (customer_id, first_name, last_name, email, phone) VALUES (7, 'Kenneth', 'Scott', 'kenneth99@enterprise.com', '588-546-7722');
INSERT INTO dim_customers (customer_id, first_name, last_name, email, phone) VALUES (8, 'Betty', 'Martin', 'martin_betty@gmail.com', '379-494-1452');
INSERT INTO dim_customers (customer_id, first_name, last_name, email, phone) VALUES (9, 'Emily', 'Hernandez', 'emily47@yahoo.com', '792-857-4822');
INSERT INTO dim_customers (customer_id, first_name, last_name, email, phone) VALUES (10, 'Jennifer', 'Rivera', 'jennifer13@hotmail.com', '662-371-1404');
INSERT INTO dim_customers (customer_id, first_name, last_name, email, phone) VALUES (11, 'Deborah', 'Young', 'deborah12@enterprise.com', '894-536-9718');
INSERT INTO dim_customers (customer_id, first_name, last_name, email, phone) VALUES (12, 'Charles', 'Hall', 'chall@yahoo.com', '627-414-7917');
INSERT INTO dim_customers (customer_id, first_name, last_name, email, phone) VALUES (13, 'Charles', 'Moore', 'moore_charles@outlook.com', '459-643-7853');
INSERT INTO dim_customers (customer_id, first_name, last_name, email, phone) VALUES (14, 'Joseph', 'Martin', 'jmartin@corporate.org', '772-252-4639');
INSERT INTO dim_customers (customer_id, first_name, last_name, email, phone) VALUES (15, 'Mark', 'Rivera', 'mark.rivera@yahoo.com', '398-342-1357');
INSERT INTO dim_customers (customer_id, first_name, last_name, email, phone) VALUES (16, 'Sarah', 'Allen', 'sarah88@outlook.com', '726-815-8743');
INSERT INTO dim_customers (customer_id, first_name, last_name, email, phone) VALUES (17, 'James', 'Smith', 'jsmith@company.net', '814-472-3823');
INSERT INTO dim_customers (customer_id, first_name, last_name, email, phone) VALUES (18, 'John', 'Young', 'john12@yahoo.com', '402-861-1807');
INSERT INTO dim_customers (customer_id, first_name, last_name, email, phone) VALUES (19, 'Thomas', 'Johnson', 'johnson_thomas@outlook.com', '787-973-5357');
INSERT INTO dim_customers (customer_id, first_name, last_name, email, phone) VALUES (20, 'Jessica', 'Johnson', 'jessica.johnson@hotmail.com', '741-770-2559');
INSERT INTO dim_customers (customer_id, first_name, last_name, email, phone) VALUES (21, 'Richard', 'Miller', 'miller_richard@hotmail.com', '262-523-1143');
INSERT INTO dim_customers (customer_id, first_name, last_name, email, phone) VALUES (22, 'Mark', 'Harris', 'harris_mark@yahoo.com', '514-712-7216');
INSERT INTO dim_customers (customer_id, first_name, last_name, email, phone) VALUES (23, 'William', 'King', 'king_william@outlook.com', '879-268-3806');
INSERT INTO dim_customers (customer_id, first_name, last_name, email, phone) VALUES (24, 'Patricia', 'Mitchell', 'patricia68@enterprise.com', '614-273-3734');
INSERT INTO dim_customers (customer_id, first_name, last_name, email, phone) VALUES (25, 'Margaret', 'Davis', 'margaret88@corporate.org', '882-643-3826');
INSERT INTO dim_customers (customer_id, first_name, last_name, email, phone) VALUES (26, 'Patricia', 'Hernandez', 'phernandez@gmail.com', '993-896-3287');
INSERT INTO dim_customers (customer_id, first_name, last_name, email, phone) VALUES (27, 'Daniel', 'Nguyen', 'daniel.nguyen@enterprise.com', '477-817-5271');
INSERT INTO dim_customers (customer_id, first_name, last_name, email, phone) VALUES (28, 'Joshua', 'Wilson', 'joshua.wilson@enterprise.com', '901-932-4381');
INSERT INTO dim_customers (customer_id, first_name, last_name, email, phone) VALUES (29, 'Matthew', 'Allen', 'matthew.allen@yahoo.com', '243-927-1435');
INSERT INTO dim_customers (customer_id, first_name, last_name, email, phone) VALUES (30, 'Charles', 'Sanchez', 'charles.sanchez@hotmail.com', '230-476-9357');
INSERT INTO dim_customers (customer_id, first_name, last_name, email, phone) VALUES (31, 'Thomas', 'Jones', 'jones_thomas@company.net', '345-327-2403');
INSERT INTO dim_customers (customer_id, first_name, last_name, email, phone) VALUES (32, 'Jennifer', 'Jackson', 'jackson_jennifer@outlook.com', '903-605-4112');
INSERT INTO dim_customers (customer_id, first_name, last_name, email, phone) VALUES (33, 'Elizabeth', 'Lee', 'elizabeth38@enterprise.com', '391-543-5528');
INSERT INTO dim_customers (customer_id, first_name, last_name, email, phone) VALUES (34, 'Emily', 'Thompson', 'emily52@yahoo.com', '502-531-7961');
INSERT INTO dim_customers (customer_id, first_name, last_name, email, phone) VALUES (35, 'Thomas', 'Williams', 'williams_thomas@yahoo.com', '777-673-7921');
INSERT INTO dim_customers (customer_id, first_name, last_name, email, phone) VALUES (36, 'Margaret', 'Allen', 'mallen@yahoo.com', '910-556-1722');
INSERT INTO dim_customers (customer_id, first_name, last_name, email, phone) VALUES (37, 'Nancy', 'Nelson', 'nancy12@gmail.com', '576-525-6977');
INSERT INTO dim_customers (customer_id, first_name, last_name, email, phone) VALUES (38, 'Donna', 'Flores', 'dflores@company.net', '442-394-1733');
INSERT INTO dim_customers (customer_id, first_name, last_name, email, phone) VALUES (39, 'George', 'Perez', 'george.perez@company.net', '633-593-7484');
INSERT INTO dim_customers (customer_id, first_name, last_name, email, phone) VALUES (40, 'Anthony', 'Flores', 'anthony.flores@outlook.com', '310-287-4272');
INSERT INTO dim_customers (customer_id, first_name, last_name, email, phone) VALUES (41, 'Richard', 'Hernandez', 'richard.hernandez@corporate.org', '626-586-9289');
INSERT INTO dim_customers (customer_id, first_name, last_name, email, phone) VALUES (42, 'Charles', 'Hernandez', 'charles84@yahoo.com', '834-733-9222');
INSERT INTO dim_customers (customer_id, first_name, last_name, email, phone) VALUES (43, 'Carol', 'Miller', 'carol.miller@company.net', '462-770-8752');
INSERT INTO dim_customers (customer_id, first_name, last_name, email, phone) VALUES (44, 'Patricia', 'Taylor', 'patricia28@corporate.org', '438-442-1494');
INSERT INTO dim_customers (customer_id, first_name, last_name, email, phone) VALUES (45, 'Amanda', 'Taylor', 'amanda77@corporate.org', '237-338-8413');
INSERT INTO dim_customers (customer_id, first_name, last_name, email, phone) VALUES (46, 'Anthony', 'Ramirez', 'ramirez_anthony@enterprise.com', '227-646-7100');
INSERT INTO dim_customers (customer_id, first_name, last_name, email, phone) VALUES (47, 'Kimberly', 'Jackson', 'jackson_kimberly@yahoo.com', '815-749-7001');
INSERT INTO dim_customers (customer_id, first_name, last_name, email, phone) VALUES (48, 'David', 'Wright', 'dwright@corporate.org', '214-975-7118');
INSERT INTO dim_customers (customer_id, first_name, last_name, email, phone) VALUES (49, 'Deborah', 'Garcia', 'deborah.garcia@hotmail.com', '974-774-7654');
INSERT INTO dim_customers (customer_id, first_name, last_name, email, phone) VALUES (50, 'Ashley', 'Adams', 'ashley.adams@yahoo.com', '284-785-8813');
INSERT INTO dim_customers (customer_id, first_name, last_name, email, phone) VALUES (51, 'Brian', 'Smith', 'smith_brian@corporate.org', '675-315-5738');
INSERT INTO dim_customers (customer_id, first_name, last_name, email, phone) VALUES (52, 'Sandra', 'Robinson', 'sandra.robinson@corporate.org', '953-558-7519');
INSERT INTO dim_customers (customer_id, first_name, last_name, email, phone) VALUES (53, 'Michelle', 'Harris', 'harris_michelle@enterprise.com', '605-843-6699');
INSERT INTO dim_customers (customer_id, first_name, last_name, email, phone) VALUES (54, 'Donald', 'Thomas', 'donald.thomas@hotmail.com', '493-928-8724');
INSERT INTO dim_customers (customer_id, first_name, last_name, email, phone) VALUES (55, 'Daniel', 'Baker', 'daniel24@hotmail.com', '429-333-1403');
INSERT INTO dim_customers (customer_id, first_name, last_name, email, phone) VALUES (56, 'Sandra', 'Green', 'sandra14@gmail.com', '863-393-9691');
INSERT INTO dim_customers (customer_id, first_name, last_name, email, phone) VALUES (57, 'Christopher', 'Johnson', 'christopher.johnson@company.net', '510-962-3105');
INSERT INTO dim_customers (customer_id, first_name, last_name, email, phone) VALUES (58, 'Christopher', 'Smith', 'christopher.smith@gmail.com', '994-713-4547');
INSERT INTO dim_customers (customer_id, first_name, last_name, email, phone) VALUES (59, 'Donna', 'Adams', 'adams_donna@gmail.com', '561-800-7296');
INSERT INTO dim_customers (customer_id, first_name, last_name, email, phone) VALUES (60, 'Mark', 'Hill', 'mark.hill@hotmail.com', '220-564-6878');
INSERT INTO dim_customers (customer_id, first_name, last_name, email, phone) VALUES (61, 'Kimberly', 'Baker', 'kimberly20@yahoo.com', '784-677-4441');
INSERT INTO dim_customers (customer_id, first_name, last_name, email, phone) VALUES (62, 'Barbara', 'Anderson', 'banderson@yahoo.com', '707-423-8098');
INSERT INTO dim_customers (customer_id, first_name, last_name, email, phone) VALUES (63, 'Jessica', 'Moore', 'jessica64@yahoo.com', '823-594-3039');
INSERT INTO dim_customers (customer_id, first_name, last_name, email, phone) VALUES (64, 'James', 'Jones', 'james.jones@gmail.com', '488-597-5736');
INSERT INTO dim_customers (customer_id, first_name, last_name, email, phone) VALUES (65, 'Susan', 'Rivera', 'susan30@corporate.org', '578-550-2479');
INSERT INTO dim_customers (customer_id, first_name, last_name, email, phone) VALUES (66, 'Thomas', 'Allen', 'allen_thomas@corporate.org', '485-753-2918');
INSERT INTO dim_customers (customer_id, first_name, last_name, email, phone) VALUES (67, 'Sarah', 'Thomas', 'thomas_sarah@yahoo.com', '799-711-6518');
INSERT INTO dim_customers (customer_id, first_name, last_name, email, phone) VALUES (68, 'David', 'Jones', 'david.jones@gmail.com', '705-844-2641');
INSERT INTO dim_customers (customer_id, first_name, last_name, email, phone) VALUES (69, 'Patricia', 'Allen', 'allen_patricia@hotmail.com', '658-900-5977');
INSERT INTO dim_customers (customer_id, first_name, last_name, email, phone) VALUES (70, 'Andrew', 'Wright', 'awright@enterprise.com', '672-264-2245');
INSERT INTO dim_customers (customer_id, first_name, last_name, email, phone) VALUES (71, 'Melissa', 'Allen', 'mallen@corporate.org', '272-768-5389');
INSERT INTO dim_customers (customer_id, first_name, last_name, email, phone) VALUES (72, 'Carol', 'Perez', 'perez_carol@corporate.org', '514-471-6691');
INSERT INTO dim_customers (customer_id, first_name, last_name, email, phone) VALUES (73, 'Margaret', 'Mitchell', 'mmitchell@outlook.com', '797-584-1867');
INSERT INTO dim_customers (customer_id, first_name, last_name, email, phone) VALUES (74, 'Melissa', 'Allen', 'melissa87@hotmail.com', '997-911-3099');
INSERT INTO dim_customers (customer_id, first_name, last_name, email, phone) VALUES (75, 'Lisa', 'Thomas', 'thomas_lisa@enterprise.com', '698-684-9558');
INSERT INTO dim_customers (customer_id, first_name, last_name, email, phone) VALUES (76, 'Sandra', 'Wright', 'swright@corporate.org', '818-313-7568');
INSERT INTO dim_customers (customer_id, first_name, last_name, email, phone) VALUES (77, 'Lisa', 'Perez', 'lperez@yahoo.com', '446-225-8106');
INSERT INTO dim_customers (customer_id, first_name, last_name, email, phone) VALUES (78, 'Lisa', 'Brown', 'brown_lisa@gmail.com', '478-709-5410');
INSERT INTO dim_customers (customer_id, first_name, last_name, email, phone) VALUES (79, 'Carol', 'Miller', 'miller_carol@yahoo.com', '240-539-7772');
INSERT INTO dim_customers (customer_id, first_name, last_name, email, phone) VALUES (80, 'Jessica', 'Ramirez', 'jessica.ramirez@enterprise.com', '685-271-2583');
INSERT INTO dim_customers (customer_id, first_name, last_name, email, phone) VALUES (81, 'Michelle', 'Scott', 'mscott@company.net', '909-482-9010');
INSERT INTO dim_customers (customer_id, first_name, last_name, email, phone) VALUES (82, 'Jessica', 'Jones', 'jessica.jones@corporate.org', '587-525-3970');
INSERT INTO dim_customers (customer_id, first_name, last_name, email, phone) VALUES (83, 'Anthony', 'Martinez', 'amartinez@corporate.org', '383-716-6963');
INSERT INTO dim_customers (customer_id, first_name, last_name, email, phone) VALUES (84, 'Robert', 'Young', 'robert33@gmail.com', '557-390-8529');
INSERT INTO dim_customers (customer_id, first_name, last_name, email, phone) VALUES (85, 'Charles', 'Baker', 'cbaker@hotmail.com', '686-837-6121');
INSERT INTO dim_customers (customer_id, first_name, last_name, email, phone) VALUES (86, 'Joseph', 'Martinez', 'jmartinez@yahoo.com', '623-393-7191');
INSERT INTO dim_customers (customer_id, first_name, last_name, email, phone) VALUES (87, 'Patricia', 'Harris', 'pharris@outlook.com', '436-676-8493');
INSERT INTO dim_customers (customer_id, first_name, last_name, email, phone) VALUES (88, 'Emily', 'Mitchell', 'mitchell_emily@outlook.com', '832-423-2945');
INSERT INTO dim_customers (customer_id, first_name, last_name, email, phone) VALUES (89, 'Michelle', 'Martinez', 'michelle59@gmail.com', '339-922-3881');
INSERT INTO dim_customers (customer_id, first_name, last_name, email, phone) VALUES (90, 'Deborah', 'Rivera', 'deborah63@company.net', '249-850-2086');
INSERT INTO dim_customers (customer_id, first_name, last_name, email, phone) VALUES (91, 'Christopher', 'Rivera', 'rivera_christopher@outlook.com', '887-320-3571');
INSERT INTO dim_customers (customer_id, first_name, last_name, email, phone) VALUES (92, 'Deborah', 'Rodriguez', 'deborah.rodriguez@corporate.org', '241-438-7004');
INSERT INTO dim_customers (customer_id, first_name, last_name, email, phone) VALUES (93, 'Michael', 'Robinson', 'michael.robinson@outlook.com', '320-912-2718');
INSERT INTO dim_customers (customer_id, first_name, last_name, email, phone) VALUES (94, 'Margaret', 'Moore', 'mmoore@company.net', '883-273-6189');
INSERT INTO dim_customers (customer_id, first_name, last_name, email, phone) VALUES (95, 'Donna', 'Walker', 'donna19@enterprise.com', '871-822-4746');
INSERT INTO dim_customers (customer_id, first_name, last_name, email, phone) VALUES (96, 'Robert', 'Baker', 'robert77@corporate.org', '485-383-4550');
INSERT INTO dim_customers (customer_id, first_name, last_name, email, phone) VALUES (97, 'Robert', 'Young', 'robert.young@outlook.com', '512-989-9390');
INSERT INTO dim_customers (customer_id, first_name, last_name, email, phone) VALUES (98, 'Paul', 'White', 'pwhite@outlook.com', '884-849-1138');
INSERT INTO dim_customers (customer_id, first_name, last_name, email, phone) VALUES (99, 'Ashley', 'Lewis', 'alewis@yahoo.com', '232-493-4554');
INSERT INTO dim_customers (customer_id, first_name, last_name, email, phone) VALUES (100, 'Richard', 'Nguyen', 'richard.nguyen@gmail.com', '969-392-8117');
INSERT INTO dim_customers (customer_id, first_name, last_name, email, phone) VALUES (101, 'Lisa', 'Davis', 'lisa56@gmail.com', '833-954-1708');
INSERT INTO dim_customers (customer_id, first_name, last_name, email, phone) VALUES (102, 'Charles', 'Wright', 'charles.wright@outlook.com', '436-817-7497');
INSERT INTO dim_customers (customer_id, first_name, last_name, email, phone) VALUES (103, 'Linda', 'Wilson', 'linda.wilson@yahoo.com', '582-801-8171');
INSERT INTO dim_customers (customer_id, first_name, last_name, email, phone) VALUES (104, 'Sandra', 'Thomas', 'thomas_sandra@outlook.com', '553-323-2348');
INSERT INTO dim_customers (customer_id, first_name, last_name, email, phone) VALUES (105, 'Elizabeth', 'Rivera', 'elizabeth.rivera@enterprise.com', '348-978-2186');
INSERT INTO dim_customers (customer_id, first_name, last_name, email, phone) VALUES (106, 'Joshua', 'Young', 'joshua.young@hotmail.com', '863-745-3608');
INSERT INTO dim_customers (customer_id, first_name, last_name, email, phone) VALUES (107, 'John', 'Hernandez', 'john24@corporate.org', '255-729-5822');
INSERT INTO dim_customers (customer_id, first_name, last_name, email, phone) VALUES (108, 'Nancy', 'Walker', 'nancy.walker@yahoo.com', '426-878-8204');
INSERT INTO dim_customers (customer_id, first_name, last_name, email, phone) VALUES (109, 'Steven', 'Lewis', 'steven82@company.net', '373-364-4388');
INSERT INTO dim_customers (customer_id, first_name, last_name, email, phone) VALUES (110, 'Kevin', 'Jackson', 'kjackson@outlook.com', '787-389-5916');
INSERT INTO dim_customers (customer_id, first_name, last_name, email, phone) VALUES (111, 'James', 'Sanchez', 'james.sanchez@outlook.com', '309-836-7918');
INSERT INTO dim_customers (customer_id, first_name, last_name, email, phone) VALUES (112, 'Matthew', 'Wright', 'matthew.wright@gmail.com', '368-637-4186');
INSERT INTO dim_customers (customer_id, first_name, last_name, email, phone) VALUES (113, 'Mark', 'Gonzalez', 'mark.gonzalez@gmail.com', '377-778-6566');
INSERT INTO dim_customers (customer_id, first_name, last_name, email, phone) VALUES (114, 'Kimberly', 'Jackson', 'kimberly.jackson@outlook.com', '816-795-4874');
INSERT INTO dim_customers (customer_id, first_name, last_name, email, phone) VALUES (115, 'Sarah', 'Williams', 'sarah.williams@hotmail.com', '564-664-9533');
INSERT INTO dim_customers (customer_id, first_name, last_name, email, phone) VALUES (116, 'Kenneth', 'Mitchell', 'mitchell_kenneth@yahoo.com', '666-559-2109');
INSERT INTO dim_customers (customer_id, first_name, last_name, email, phone) VALUES (117, 'Paul', 'Miller', 'miller_paul@outlook.com', '845-242-6968');
INSERT INTO dim_customers (customer_id, first_name, last_name, email, phone) VALUES (118, 'Donald', 'Robinson', 'donald71@yahoo.com', '260-299-8583');
INSERT INTO dim_customers (customer_id, first_name, last_name, email, phone) VALUES (119, 'Brian', 'Thompson', 'thompson_brian@yahoo.com', '609-211-9464');
INSERT INTO dim_customers (customer_id, first_name, last_name, email, phone) VALUES (120, 'Ashley', 'Campbell', 'ashley.campbell@enterprise.com', '374-949-2652');
INSERT INTO dim_customers (customer_id, first_name, last_name, email, phone) VALUES (121, 'Emily', 'King', 'eking@corporate.org', '777-306-8960');
INSERT INTO dim_customers (customer_id, first_name, last_name, email, phone) VALUES (122, 'Steven', 'Perez', 'steven95@company.net', '645-349-5368');
INSERT INTO dim_customers (customer_id, first_name, last_name, email, phone) VALUES (123, 'Andrew', 'Thompson', 'athompson@gmail.com', '642-450-6441');
INSERT INTO dim_customers (customer_id, first_name, last_name, email, phone) VALUES (124, 'Linda', 'Lewis', 'lewis_linda@gmail.com', '905-599-8959');
INSERT INTO dim_customers (customer_id, first_name, last_name, email, phone) VALUES (125, 'Betty', 'White', 'betty.white@company.net', '721-400-6747');
INSERT INTO dim_customers (customer_id, first_name, last_name, email, phone) VALUES (126, 'Susan', 'Hill', 'susan77@hotmail.com', '227-534-5590');
INSERT INTO dim_customers (customer_id, first_name, last_name, email, phone) VALUES (127, 'Karen', 'Johnson', 'johnson_karen@hotmail.com', '582-872-4732');
INSERT INTO dim_customers (customer_id, first_name, last_name, email, phone) VALUES (128, 'Kenneth', 'Hill', 'khill@hotmail.com', '335-462-6888');
INSERT INTO dim_customers (customer_id, first_name, last_name, email, phone) VALUES (129, 'Margaret', 'Hall', 'hall_margaret@outlook.com', '479-982-6171');
INSERT INTO dim_customers (customer_id, first_name, last_name, email, phone) VALUES (130, 'Emily', 'Sanchez', 'esanchez@outlook.com', '550-588-9139');
INSERT INTO dim_customers (customer_id, first_name, last_name, email, phone) VALUES (131, 'Sandra', 'Adams', 'sadams@gmail.com', '363-776-4717');
INSERT INTO dim_customers (customer_id, first_name, last_name, email, phone) VALUES (132, 'Mary', 'Johnson', 'mary.johnson@gmail.com', '266-647-2928');
INSERT INTO dim_customers (customer_id, first_name, last_name, email, phone) VALUES (133, 'Mark', 'Wilson', 'wilson_mark@hotmail.com', '544-678-7903');
INSERT INTO dim_customers (customer_id, first_name, last_name, email, phone) VALUES (134, 'Kenneth', 'Scott', 'scott_kenneth@outlook.com', '642-930-4017');
INSERT INTO dim_customers (customer_id, first_name, last_name, email, phone) VALUES (135, 'David', 'Martin', 'martin_david@yahoo.com', '633-669-6092');
INSERT INTO dim_customers (customer_id, first_name, last_name, email, phone) VALUES (136, 'Nancy', 'Wright', 'nancy31@hotmail.com', '727-548-4109');
INSERT INTO dim_customers (customer_id, first_name, last_name, email, phone) VALUES (137, 'Michelle', 'Lee', 'lee_michelle@enterprise.com', '405-924-1068');
INSERT INTO dim_customers (customer_id, first_name, last_name, email, phone) VALUES (138, 'Richard', 'Williams', 'williams_richard@enterprise.com', '777-659-2700');
INSERT INTO dim_customers (customer_id, first_name, last_name, email, phone) VALUES (139, 'Jessica', 'Hall', 'jhall@yahoo.com', '235-459-4388');
INSERT INTO dim_customers (customer_id, first_name, last_name, email, phone) VALUES (140, 'James', 'Johnson', 'james92@corporate.org', '299-397-5109');
INSERT INTO dim_customers (customer_id, first_name, last_name, email, phone) VALUES (141, 'Kimberly', 'Lewis', 'kimberly.lewis@corporate.org', '938-756-5737');
INSERT INTO dim_customers (customer_id, first_name, last_name, email, phone) VALUES (142, 'Steven', 'Adams', 'sadams534@enterprise.com', '669-886-5358');
INSERT INTO dim_customers (customer_id, first_name, last_name, email, phone) VALUES (143, 'Deborah', 'Torres', 'deborah46@company.net', '396-632-4273');
INSERT INTO dim_customers (customer_id, first_name, last_name, email, phone) VALUES (144, 'Christopher', 'Adams', 'christopher79@corporate.org', '234-460-3809');
INSERT INTO dim_customers (customer_id, first_name, last_name, email, phone) VALUES (145, 'Ashley', 'Nguyen', 'anguyen@hotmail.com', '845-982-9862');
INSERT INTO dim_customers (customer_id, first_name, last_name, email, phone) VALUES (146, 'Sarah', 'Hall', 'sarah.hall@gmail.com', '645-268-5353');
INSERT INTO dim_customers (customer_id, first_name, last_name, email, phone) VALUES (147, 'Jennifer', 'Campbell', 'jennifer.campbell@enterprise.com', '719-878-1135');
INSERT INTO dim_customers (customer_id, first_name, last_name, email, phone) VALUES (148, 'George', 'Lee', 'george.lee@gmail.com', '920-222-4864');
INSERT INTO dim_customers (customer_id, first_name, last_name, email, phone) VALUES (149, 'Charles', 'Moore', 'moore_charles@corporate.org', '893-408-3172');
INSERT INTO dim_customers (customer_id, first_name, last_name, email, phone) VALUES (150, 'Kevin', 'Hernandez', 'kevin.hernandez@corporate.org', '626-798-2225');
INSERT INTO dim_customers (customer_id, first_name, last_name, email, phone) VALUES (151, 'Deborah', 'Martinez', 'deborah.martinez@yahoo.com', '335-535-2758');
INSERT INTO dim_customers (customer_id, first_name, last_name, email, phone) VALUES (152, 'Kimberly', 'Miller', 'kmiller@hotmail.com', '602-894-4034');
INSERT INTO dim_customers (customer_id, first_name, last_name, email, phone) VALUES (153, 'Emily', 'Perez', 'perez_emily@yahoo.com', '531-797-8044');
INSERT INTO dim_customers (customer_id, first_name, last_name, email, phone) VALUES (154, 'Amanda', 'Green', 'agreen@corporate.org', '254-231-5250');
INSERT INTO dim_customers (customer_id, first_name, last_name, email, phone) VALUES (155, 'Steven', 'Walker', 'steven45@hotmail.com', '891-407-6485');
INSERT INTO dim_customers (customer_id, first_name, last_name, email, phone) VALUES (156, 'Donna', 'Gonzalez', 'gonzalez_donna@company.net', '459-940-1986');
INSERT INTO dim_customers (customer_id, first_name, last_name, email, phone) VALUES (157, 'Lisa', 'Hernandez', 'lhernandez@gmail.com', '666-622-2750');
INSERT INTO dim_customers (customer_id, first_name, last_name, email, phone) VALUES (158, 'Andrew', 'Lopez', 'andrew55@company.net', '632-512-8895');
INSERT INTO dim_customers (customer_id, first_name, last_name, email, phone) VALUES (159, 'Susan', 'Wilson', 'susan.wilson@enterprise.com', '343-794-6500');
INSERT INTO dim_customers (customer_id, first_name, last_name, email, phone) VALUES (160, 'Kevin', 'Allen', 'kevin.allen@enterprise.com', '839-676-3212');
INSERT INTO dim_customers (customer_id, first_name, last_name, email, phone) VALUES (161, 'James', 'Campbell', 'jcampbell@gmail.com', '354-573-5904');
INSERT INTO dim_customers (customer_id, first_name, last_name, email, phone) VALUES (162, 'Susan', 'Adams', 'susan13@yahoo.com', '858-766-7008');
INSERT INTO dim_customers (customer_id, first_name, last_name, email, phone) VALUES (163, 'Jennifer', 'Martinez', 'jennifer95@hotmail.com', '684-787-9564');
INSERT INTO dim_customers (customer_id, first_name, last_name, email, phone) VALUES (164, 'Michael', 'Hernandez', 'michael.hernandez@outlook.com', '314-284-4111');
INSERT INTO dim_customers (customer_id, first_name, last_name, email, phone) VALUES (165, 'Paul', 'Torres', 'paul.torres@corporate.org', '327-777-4123');
INSERT INTO dim_customers (customer_id, first_name, last_name, email, phone) VALUES (166, 'Jessica', 'Davis', 'jessica.davis@outlook.com', '708-992-1510');
INSERT INTO dim_customers (customer_id, first_name, last_name, email, phone) VALUES (167, 'Barbara', 'Rodriguez', 'barbara.rodriguez@gmail.com', '989-363-3155');
INSERT INTO dim_customers (customer_id, first_name, last_name, email, phone) VALUES (168, 'Karen', 'Moore', 'moore_karen@gmail.com', '485-360-9349');
INSERT INTO dim_customers (customer_id, first_name, last_name, email, phone) VALUES (169, 'Ashley', 'Martin', 'martin_ashley@corporate.org', '452-546-6260');
INSERT INTO dim_customers (customer_id, first_name, last_name, email, phone) VALUES (170, 'Matthew', 'Lee', 'matthew.lee@gmail.com', '343-428-2162');
INSERT INTO dim_customers (customer_id, first_name, last_name, email, phone) VALUES (171, 'Anthony', 'Moore', 'moore_anthony@yahoo.com', '799-451-7259');
INSERT INTO dim_customers (customer_id, first_name, last_name, email, phone) VALUES (172, 'Linda', 'Wright', 'wright_linda@yahoo.com', '655-368-8088');
INSERT INTO dim_customers (customer_id, first_name, last_name, email, phone) VALUES (173, 'Mary', 'Allen', 'mallen@hotmail.com', '406-556-7829');
INSERT INTO dim_customers (customer_id, first_name, last_name, email, phone) VALUES (174, 'Kenneth', 'Harris', 'kharris@enterprise.com', '559-547-1348');
INSERT INTO dim_customers (customer_id, first_name, last_name, email, phone) VALUES (175, 'Donald', 'Campbell', 'campbell_donald@enterprise.com', '206-275-6266');
INSERT INTO dim_customers (customer_id, first_name, last_name, email, phone) VALUES (176, 'Carol', 'Thomas', 'cthomas@company.net', '317-779-4894');
INSERT INTO dim_customers (customer_id, first_name, last_name, email, phone) VALUES (177, 'Lisa', 'Perez', 'lisa.perez@enterprise.com', '588-878-7539');
INSERT INTO dim_customers (customer_id, first_name, last_name, email, phone) VALUES (178, 'Patricia', 'Jackson', 'patricia62@yahoo.com', '935-612-2940');
INSERT INTO dim_customers (customer_id, first_name, last_name, email, phone) VALUES (179, 'Barbara', 'Torres', 'barbara.torres@enterprise.com', '877-620-4103');
INSERT INTO dim_customers (customer_id, first_name, last_name, email, phone) VALUES (180, 'Joshua', 'Sanchez', 'sanchez_joshua@enterprise.com', '714-989-6838');
INSERT INTO dim_customers (customer_id, first_name, last_name, email, phone) VALUES (181, 'Andrew', 'Wright', 'wright_andrew@hotmail.com', '279-512-9270');
INSERT INTO dim_customers (customer_id, first_name, last_name, email, phone) VALUES (182, 'Elizabeth', 'Anderson', 'eanderson@yahoo.com', '689-511-8968');
INSERT INTO dim_customers (customer_id, first_name, last_name, email, phone) VALUES (183, 'Daniel', 'Gonzalez', 'daniel.gonzalez@company.net', '682-746-7557');
INSERT INTO dim_customers (customer_id, first_name, last_name, email, phone) VALUES (184, 'Amanda', 'Mitchell', 'mitchell_amanda@company.net', '912-569-8775');
INSERT INTO dim_customers (customer_id, first_name, last_name, email, phone) VALUES (185, 'Brian', 'Campbell', 'campbell_brian@gmail.com', '996-487-1128');
INSERT INTO dim_customers (customer_id, first_name, last_name, email, phone) VALUES (186, 'Anthony', 'Wilson', 'wilson_anthony@outlook.com', '211-597-4945');
INSERT INTO dim_customers (customer_id, first_name, last_name, email, phone) VALUES (187, 'William', 'White', 'william.white@enterprise.com', '334-678-7088');
INSERT INTO dim_customers (customer_id, first_name, last_name, email, phone) VALUES (188, 'Kimberly', 'Smith', 'ksmith@corporate.org', '215-244-8012');
INSERT INTO dim_customers (customer_id, first_name, last_name, email, phone) VALUES (189, 'James', 'Clark', 'jclark@company.net', '903-850-3027');
INSERT INTO dim_customers (customer_id, first_name, last_name, email, phone) VALUES (190, 'James', 'Walker', 'jwalker@corporate.org', '927-707-4723');
INSERT INTO dim_customers (customer_id, first_name, last_name, email, phone) VALUES (191, 'Elizabeth', 'Robinson', 'robinson_elizabeth@yahoo.com', '900-831-1273');
INSERT INTO dim_customers (customer_id, first_name, last_name, email, phone) VALUES (192, 'Linda', 'Ramirez', 'lramirez@yahoo.com', '948-501-7986');
INSERT INTO dim_customers (customer_id, first_name, last_name, email, phone) VALUES (193, 'William', 'Garcia', 'wgarcia@outlook.com', '875-690-3871');
INSERT INTO dim_customers (customer_id, first_name, last_name, email, phone) VALUES (194, 'Steven', 'Torres', 'torres_steven@outlook.com', '418-697-4675');
INSERT INTO dim_customers (customer_id, first_name, last_name, email, phone) VALUES (195, 'Anthony', 'Jackson', 'jackson_anthony@corporate.org', '796-980-7979');
INSERT INTO dim_customers (customer_id, first_name, last_name, email, phone) VALUES (196, 'Patricia', 'Flores', 'flores_patricia@company.net', '304-530-4142');
INSERT INTO dim_customers (customer_id, first_name, last_name, email, phone) VALUES (197, 'David', 'Mitchell', 'david14@enterprise.com', '210-322-7133');
INSERT INTO dim_customers (customer_id, first_name, last_name, email, phone) VALUES (198, 'Barbara', 'Davis', 'barbara79@hotmail.com', '730-666-9113');
INSERT INTO dim_customers (customer_id, first_name, last_name, email, phone) VALUES (199, 'Joshua', 'White', 'white_joshua@outlook.com', '545-758-9883');
INSERT INTO dim_customers (customer_id, first_name, last_name, email, phone) VALUES (200, 'Nancy', 'Mitchell', 'nancy.mitchell@yahoo.com', '701-792-8043');
INSERT INTO dim_customers (customer_id, first_name, last_name, email, phone) VALUES (201, 'Michelle', 'Jones', 'michelle.jones@gmail.com', '916-581-1247');
INSERT INTO dim_customers (customer_id, first_name, last_name, email, phone) VALUES (202, 'Linda', 'King', 'king_linda@yahoo.com', '497-512-2263');
INSERT INTO dim_customers (customer_id, first_name, last_name, email, phone) VALUES (203, 'Kenneth', 'Harris', 'kenneth.harris@hotmail.com', '912-687-6089');
INSERT INTO dim_customers (customer_id, first_name, last_name, email, phone) VALUES (204, 'Richard', 'Walker', 'richard80@yahoo.com', '321-217-8012');
INSERT INTO dim_customers (customer_id, first_name, last_name, email, phone) VALUES (205, 'Betty', 'Miller', 'miller_betty@hotmail.com', '888-993-5777');
INSERT INTO dim_customers (customer_id, first_name, last_name, email, phone) VALUES (206, 'Andrew', 'Perez', 'andrew37@company.net', '332-662-2437');
INSERT INTO dim_customers (customer_id, first_name, last_name, email, phone) VALUES (207, 'Steven', 'Martinez', 'martinez_steven@corporate.org', '463-798-7366');
INSERT INTO dim_customers (customer_id, first_name, last_name, email, phone) VALUES (208, 'Daniel', 'Martin', 'dmartin@outlook.com', '326-358-2635');
INSERT INTO dim_customers (customer_id, first_name, last_name, email, phone) VALUES (209, 'John', 'Robinson', 'john23@gmail.com', '703-573-3675');
INSERT INTO dim_customers (customer_id, first_name, last_name, email, phone) VALUES (210, 'Daniel', 'Taylor', 'daniel78@hotmail.com', '333-311-7045');
INSERT INTO dim_customers (customer_id, first_name, last_name, email, phone) VALUES (211, 'Barbara', 'King', 'bking@hotmail.com', '214-857-5321');
INSERT INTO dim_customers (customer_id, first_name, last_name, email, phone) VALUES (212, 'Mark', 'Brown', 'mark47@yahoo.com', '604-391-1072');
INSERT INTO dim_customers (customer_id, first_name, last_name, email, phone) VALUES (213, 'James', 'Martinez', 'jmartinez@corporate.org', '311-497-3009');
INSERT INTO dim_customers (customer_id, first_name, last_name, email, phone) VALUES (214, 'Richard', 'Miller', 'richard44@enterprise.com', '312-997-6070');
INSERT INTO dim_customers (customer_id, first_name, last_name, email, phone) VALUES (215, 'Steven', 'Perez', 'sperez@company.net', '988-952-2247');
INSERT INTO dim_customers (customer_id, first_name, last_name, email, phone) VALUES (216, 'Nancy', 'Allen', 'nallen@company.net', '419-686-8781');
INSERT INTO dim_customers (customer_id, first_name, last_name, email, phone) VALUES (217, 'Donald', 'Jackson', 'donald.jackson@hotmail.com', '576-676-8589');
INSERT INTO dim_customers (customer_id, first_name, last_name, email, phone) VALUES (218, 'Emily', 'Nguyen', 'emily.nguyen@yahoo.com', '431-806-9686');
INSERT INTO dim_customers (customer_id, first_name, last_name, email, phone) VALUES (219, 'Nancy', 'Adams', 'adams_nancy@outlook.com', '379-821-1508');
INSERT INTO dim_customers (customer_id, first_name, last_name, email, phone) VALUES (220, 'Anthony', 'Clark', 'anthony46@hotmail.com', '754-602-3274');
INSERT INTO dim_customers (customer_id, first_name, last_name, email, phone) VALUES (221, 'Anthony', 'Nguyen', 'anguyen@outlook.com', '984-826-7316');
INSERT INTO dim_customers (customer_id, first_name, last_name, email, phone) VALUES (222, 'Michael', 'Smith', 'msmith@hotmail.com', '292-269-1286');
INSERT INTO dim_customers (customer_id, first_name, last_name, email, phone) VALUES (223, 'Deborah', 'Wright', 'wright_deborah@yahoo.com', '797-608-4627');
INSERT INTO dim_customers (customer_id, first_name, last_name, email, phone) VALUES (224, 'Patricia', 'Scott', 'patricia62@hotmail.com', '327-476-5880');
INSERT INTO dim_customers (customer_id, first_name, last_name, email, phone) VALUES (225, 'Ashley', 'Young', 'ayoung@company.net', '460-474-6388');
INSERT INTO dim_customers (customer_id, first_name, last_name, email, phone) VALUES (226, 'Kimberly', 'Campbell', 'campbell_kimberly@gmail.com', '660-375-4035');
INSERT INTO dim_customers (customer_id, first_name, last_name, email, phone) VALUES (227, 'Anthony', 'Nguyen', 'anguyen@gmail.com', '200-733-8631');
INSERT INTO dim_customers (customer_id, first_name, last_name, email, phone) VALUES (228, 'Deborah', 'Ramirez', 'ramirez_deborah@corporate.org', '514-458-6836');
INSERT INTO dim_customers (customer_id, first_name, last_name, email, phone) VALUES (229, 'Steven', 'Torres', 'torres_steven@yahoo.com', '777-947-1905');
INSERT INTO dim_customers (customer_id, first_name, last_name, email, phone) VALUES (230, 'Lisa', 'Lewis', 'llewis@company.net', '699-417-1885');
INSERT INTO dim_customers (customer_id, first_name, last_name, email, phone) VALUES (231, 'Joseph', 'Adams', 'adams_joseph@outlook.com', '207-981-3463');
INSERT INTO dim_customers (customer_id, first_name, last_name, email, phone) VALUES (232, 'Daniel', 'Flores', 'flores_daniel@hotmail.com', '772-805-1547');
INSERT INTO dim_customers (customer_id, first_name, last_name, email, phone) VALUES (233, 'Patricia', 'Mitchell', 'pmitchell@corporate.org', '712-967-5909');
INSERT INTO dim_customers (customer_id, first_name, last_name, email, phone) VALUES (234, 'Sarah', 'Anderson', 'anderson_sarah@outlook.com', '958-545-6268');
INSERT INTO dim_customers (customer_id, first_name, last_name, email, phone) VALUES (235, 'Christopher', 'Perez', 'christopher93@yahoo.com', '721-675-4043');
INSERT INTO dim_customers (customer_id, first_name, last_name, email, phone) VALUES (236, 'Jennifer', 'Gonzalez', 'jgonzalez@company.net', '256-343-8152');
INSERT INTO dim_customers (customer_id, first_name, last_name, email, phone) VALUES (237, 'Margaret', 'Jones', 'mjones@gmail.com', '437-720-2727');
INSERT INTO dim_customers (customer_id, first_name, last_name, email, phone) VALUES (238, 'Brian', 'Baker', 'brian.baker@enterprise.com', '699-693-6091');
INSERT INTO dim_customers (customer_id, first_name, last_name, email, phone) VALUES (239, 'Susan', 'Hernandez', 'hernandez_susan@company.net', '882-638-4137');
INSERT INTO dim_customers (customer_id, first_name, last_name, email, phone) VALUES (240, 'Amanda', 'Perez', 'perez_amanda@corporate.org', '204-510-1988');
INSERT INTO dim_customers (customer_id, first_name, last_name, email, phone) VALUES (241, 'Michelle', 'Torres', 'michelle87@yahoo.com', '393-607-8379');
INSERT INTO dim_customers (customer_id, first_name, last_name, email, phone) VALUES (242, 'Carol', 'Jones', 'carol.jones@company.net', '437-285-4478');
INSERT INTO dim_customers (customer_id, first_name, last_name, email, phone) VALUES (243, 'Donald', 'Thomas', 'dthomas@yahoo.com', '892-254-1472');
INSERT INTO dim_customers (customer_id, first_name, last_name, email, phone) VALUES (244, 'James', 'Allen', 'allen_james@company.net', '705-756-7344');
INSERT INTO dim_customers (customer_id, first_name, last_name, email, phone) VALUES (245, 'Elizabeth', 'Clark', 'elizabeth.clark@enterprise.com', '660-762-7216');
INSERT INTO dim_customers (customer_id, first_name, last_name, email, phone) VALUES (246, 'John', 'Anderson', 'john35@corporate.org', '310-505-5193');
INSERT INTO dim_customers (customer_id, first_name, last_name, email, phone) VALUES (247, 'Susan', 'White', 'swhite@gmail.com', '308-983-2807');
INSERT INTO dim_customers (customer_id, first_name, last_name, email, phone) VALUES (248, 'Sandra', 'Jackson', 'sjackson@enterprise.com', '458-312-9133');
INSERT INTO dim_customers (customer_id, first_name, last_name, email, phone) VALUES (249, 'Karen', 'Hall', 'karen75@company.net', '335-533-2801');
INSERT INTO dim_customers (customer_id, first_name, last_name, email, phone) VALUES (250, 'Michael', 'Miller', 'mmiller@yahoo.com', '827-934-9145');
INSERT INTO dim_customers (customer_id, first_name, last_name, email, phone) VALUES (251, 'Sandra', 'Miller', 'miller_sandra@company.net', '819-799-3764');
INSERT INTO dim_customers (customer_id, first_name, last_name, email, phone) VALUES (252, 'John', 'Robinson', 'jrobinson@hotmail.com', '406-666-5552');
INSERT INTO dim_customers (customer_id, first_name, last_name, email, phone) VALUES (253, 'James', 'Perez', 'james10@corporate.org', '948-830-8702');
INSERT INTO dim_customers (customer_id, first_name, last_name, email, phone) VALUES (254, 'Mark', 'Miller', 'mmiller@outlook.com', '880-795-9464');
INSERT INTO dim_customers (customer_id, first_name, last_name, email, phone) VALUES (255, 'Margaret', 'Johnson', 'margaret.johnson@hotmail.com', '938-441-8398');
INSERT INTO dim_customers (customer_id, first_name, last_name, email, phone) VALUES (256, 'John', 'Adams', 'jadams@yahoo.com', '544-280-2173');
INSERT INTO dim_customers (customer_id, first_name, last_name, email, phone) VALUES (257, 'Matthew', 'Clark', 'clark_matthew@yahoo.com', '246-909-9651');
INSERT INTO dim_customers (customer_id, first_name, last_name, email, phone) VALUES (258, 'Brian', 'Walker', 'brian.walker@gmail.com', '843-973-7045');
INSERT INTO dim_customers (customer_id, first_name, last_name, email, phone) VALUES (259, 'Sarah', 'Walker', 'sarah24@outlook.com', '985-290-1101');
INSERT INTO dim_customers (customer_id, first_name, last_name, email, phone) VALUES (260, 'Barbara', 'Scott', 'barbara60@company.net', '642-254-4260');
INSERT INTO dim_customers (customer_id, first_name, last_name, email, phone) VALUES (261, 'Joshua', 'Johnson', 'jjohnson@company.net', '685-203-2449');
INSERT INTO dim_customers (customer_id, first_name, last_name, email, phone) VALUES (262, 'Susan', 'Sanchez', 'sanchez_susan@gmail.com', '648-847-6653');
INSERT INTO dim_customers (customer_id, first_name, last_name, email, phone) VALUES (263, 'Jessica', 'Rivera', 'rivera_jessica@company.net', '476-452-4394');
INSERT INTO dim_customers (customer_id, first_name, last_name, email, phone) VALUES (264, 'Charles', 'White', 'charles88@enterprise.com', '491-788-1237');
INSERT INTO dim_customers (customer_id, first_name, last_name, email, phone) VALUES (265, 'Thomas', 'Lopez', 'lopez_thomas@company.net', '252-912-6452');
INSERT INTO dim_customers (customer_id, first_name, last_name, email, phone) VALUES (266, 'Joseph', 'Jackson', 'joseph65@outlook.com', '572-651-7178');
INSERT INTO dim_customers (customer_id, first_name, last_name, email, phone) VALUES (267, 'Deborah', 'Garcia', 'dgarcia@outlook.com', '933-929-9948');
INSERT INTO dim_customers (customer_id, first_name, last_name, email, phone) VALUES (268, 'Christopher', 'Nguyen', 'christopher.nguyen@company.net', '259-766-9449');
INSERT INTO dim_customers (customer_id, first_name, last_name, email, phone) VALUES (269, 'Ashley', 'Martin', 'martin_ashley@yahoo.com', '971-970-8529');
INSERT INTO dim_customers (customer_id, first_name, last_name, email, phone) VALUES (270, 'John', 'Clark', 'john77@hotmail.com', '653-775-3374');
INSERT INTO dim_customers (customer_id, first_name, last_name, email, phone) VALUES (271, 'Andrew', 'Johnson', 'johnson_andrew@hotmail.com', '233-720-1692');
INSERT INTO dim_customers (customer_id, first_name, last_name, email, phone) VALUES (272, 'Sarah', 'Perez', 'perez_sarah@gmail.com', '665-721-9063');
INSERT INTO dim_customers (customer_id, first_name, last_name, email, phone) VALUES (273, 'Elizabeth', 'Jones', 'elizabeth.jones@corporate.org', '798-921-2336');
INSERT INTO dim_customers (customer_id, first_name, last_name, email, phone) VALUES (274, 'Jessica', 'Rivera', 'jessica21@yahoo.com', '611-259-6644');
INSERT INTO dim_customers (customer_id, first_name, last_name, email, phone) VALUES (275, 'Carol', 'Adams', 'adams_carol@corporate.org', '833-881-3687');
INSERT INTO dim_customers (customer_id, first_name, last_name, email, phone) VALUES (276, 'Ashley', 'Nelson', 'nelson_ashley@corporate.org', '431-619-8676');
INSERT INTO dim_customers (customer_id, first_name, last_name, email, phone) VALUES (277, 'Betty', 'Gonzalez', 'bgonzalez@hotmail.com', '482-561-2262');
INSERT INTO dim_customers (customer_id, first_name, last_name, email, phone) VALUES (278, 'Ashley', 'White', 'white_ashley@company.net', '737-673-5058');
INSERT INTO dim_customers (customer_id, first_name, last_name, email, phone) VALUES (279, 'Kevin', 'Walker', 'kwalker@hotmail.com', '645-555-1079');
INSERT INTO dim_customers (customer_id, first_name, last_name, email, phone) VALUES (280, 'Paul', 'Jackson', 'paul52@company.net', '736-327-2824');
INSERT INTO dim_customers (customer_id, first_name, last_name, email, phone) VALUES (281, 'Matthew', 'Moore', 'moore_matthew@hotmail.com', '958-409-2364');
INSERT INTO dim_customers (customer_id, first_name, last_name, email, phone) VALUES (282, 'Nancy', 'Davis', 'davis_nancy@enterprise.com', '799-523-8858');
INSERT INTO dim_customers (customer_id, first_name, last_name, email, phone) VALUES (283, 'Linda', 'Mitchell', 'linda.mitchell@yahoo.com', '890-976-4146');
INSERT INTO dim_customers (customer_id, first_name, last_name, email, phone) VALUES (284, 'Robert', 'Anderson', 'randerson@corporate.org', '533-418-1124');
INSERT INTO dim_customers (customer_id, first_name, last_name, email, phone) VALUES (285, 'Susan', 'Wilson', 'susan74@outlook.com', '375-234-5267');
INSERT INTO dim_customers (customer_id, first_name, last_name, email, phone) VALUES (286, 'Paul', 'Gonzalez', 'gonzalez_paul@outlook.com', '935-774-5594');
INSERT INTO dim_customers (customer_id, first_name, last_name, email, phone) VALUES (287, 'Emily', 'Harris', 'eharris@corporate.org', '626-522-2282');
INSERT INTO dim_customers (customer_id, first_name, last_name, email, phone) VALUES (288, 'Elizabeth', 'Green', 'elizabeth26@hotmail.com', '794-663-4999');
INSERT INTO dim_customers (customer_id, first_name, last_name, email, phone) VALUES (289, 'Christopher', 'Flores', 'christopher31@yahoo.com', '281-705-2741');
INSERT INTO dim_customers (customer_id, first_name, last_name, email, phone) VALUES (290, 'Jennifer', 'Baker', 'jbaker@hotmail.com', '212-779-5293');
INSERT INTO dim_customers (customer_id, first_name, last_name, email, phone) VALUES (291, 'Michael', 'Hall', 'mhall@hotmail.com', '428-749-6509');
INSERT INTO dim_customers (customer_id, first_name, last_name, email, phone) VALUES (292, 'Paul', 'Harris', 'paul.harris@corporate.org', '978-569-4823');
INSERT INTO dim_customers (customer_id, first_name, last_name, email, phone) VALUES (293, 'George', 'Miller', 'george49@gmail.com', '608-269-3071');
INSERT INTO dim_customers (customer_id, first_name, last_name, email, phone) VALUES (294, 'Betty', 'Garcia', 'bgarcia@yahoo.com', '820-876-9042');
INSERT INTO dim_customers (customer_id, first_name, last_name, email, phone) VALUES (295, 'Thomas', 'Rivera', 'thomas.rivera@hotmail.com', '932-787-8917');
INSERT INTO dim_customers (customer_id, first_name, last_name, email, phone) VALUES (296, 'Paul', 'Gonzalez', 'paul40@corporate.org', '205-944-1094');
INSERT INTO dim_customers (customer_id, first_name, last_name, email, phone) VALUES (297, 'Anthony', 'King', 'anthony21@outlook.com', '698-909-7506');
INSERT INTO dim_customers (customer_id, first_name, last_name, email, phone) VALUES (298, 'Andrew', 'Miller', 'andrew.miller@hotmail.com', '648-927-9671');
INSERT INTO dim_customers (customer_id, first_name, last_name, email, phone) VALUES (299, 'David', 'Miller', 'dmiller@company.net', '440-288-5949');
INSERT INTO dim_customers (customer_id, first_name, last_name, email, phone) VALUES (300, 'Christopher', 'Baker', 'cbaker@enterprise.com', '209-605-8895');
INSERT INTO dim_customers (customer_id, first_name, last_name, email, phone) VALUES (301, 'Jessica', 'Robinson', 'jessica.robinson@yahoo.com', '862-508-1006');
INSERT INTO dim_customers (customer_id, first_name, last_name, email, phone) VALUES (302, 'George', 'Johnson', 'johnson_george@enterprise.com', '805-483-7311');
INSERT INTO dim_customers (customer_id, first_name, last_name, email, phone) VALUES (303, 'Nancy', 'Sanchez', 'nancy.sanchez@enterprise.com', '870-229-7326');
INSERT INTO dim_customers (customer_id, first_name, last_name, email, phone) VALUES (304, 'Sarah', 'Rodriguez', 'rodriguez_sarah@yahoo.com', '309-601-2080');
INSERT INTO dim_customers (customer_id, first_name, last_name, email, phone) VALUES (305, 'Deborah', 'Hernandez', 'deborah.hernandez@gmail.com', '897-344-5869');
INSERT INTO dim_customers (customer_id, first_name, last_name, email, phone) VALUES (306, 'Margaret', 'Nguyen', 'margaret72@corporate.org', '707-922-4457');
INSERT INTO dim_customers (customer_id, first_name, last_name, email, phone) VALUES (307, 'Brian', 'Hall', 'brian.hall@outlook.com', '516-809-2615');
INSERT INTO dim_customers (customer_id, first_name, last_name, email, phone) VALUES (308, 'William', 'Lopez', 'william92@company.net', '469-767-8789');
INSERT INTO dim_customers (customer_id, first_name, last_name, email, phone) VALUES (309, 'Susan', 'Scott', 'susan.scott@yahoo.com', '642-494-8085');
INSERT INTO dim_customers (customer_id, first_name, last_name, email, phone) VALUES (310, 'Paul', 'Baker', 'paul43@gmail.com', '779-412-9310');
INSERT INTO dim_customers (customer_id, first_name, last_name, email, phone) VALUES (311, 'Jessica', 'Hernandez', 'hernandez_jessica@company.net', '979-568-5143');
INSERT INTO dim_customers (customer_id, first_name, last_name, email, phone) VALUES (312, 'Jessica', 'Torres', 'torres_jessica@gmail.com', '587-707-3046');
INSERT INTO dim_customers (customer_id, first_name, last_name, email, phone) VALUES (313, 'Anthony', 'Thompson', 'athompson@company.net', '534-388-6617');
INSERT INTO dim_customers (customer_id, first_name, last_name, email, phone) VALUES (314, 'Jennifer', 'Flores', 'flores_jennifer@yahoo.com', '860-624-7528');
INSERT INTO dim_customers (customer_id, first_name, last_name, email, phone) VALUES (315, 'Anthony', 'Clark', 'clark_anthony@gmail.com', '554-612-5819');
INSERT INTO dim_customers (customer_id, first_name, last_name, email, phone) VALUES (316, 'Kimberly', 'Garcia', 'garcia_kimberly@gmail.com', '813-506-5170');
INSERT INTO dim_customers (customer_id, first_name, last_name, email, phone) VALUES (317, 'David', 'Clark', 'dclark@hotmail.com', '381-363-6049');
INSERT INTO dim_customers (customer_id, first_name, last_name, email, phone) VALUES (318, 'Nancy', 'Rodriguez', 'rodriguez_nancy@corporate.org', '921-898-3530');
INSERT INTO dim_customers (customer_id, first_name, last_name, email, phone) VALUES (319, 'Susan', 'Ramirez', 'susan.ramirez@company.net', '890-943-7618');
INSERT INTO dim_customers (customer_id, first_name, last_name, email, phone) VALUES (320, 'Margaret', 'Hernandez', 'margaret51@enterprise.com', '733-610-1679');
INSERT INTO dim_customers (customer_id, first_name, last_name, email, phone) VALUES (321, 'Joseph', 'Thompson', 'joseph.thompson@gmail.com', '227-800-9463');
INSERT INTO dim_customers (customer_id, first_name, last_name, email, phone) VALUES (322, 'John', 'Martinez', 'john82@outlook.com', '477-439-7095');
INSERT INTO dim_customers (customer_id, first_name, last_name, email, phone) VALUES (323, 'Matthew', 'Harris', 'matthew65@outlook.com', '304-658-8135');
INSERT INTO dim_customers (customer_id, first_name, last_name, email, phone) VALUES (324, 'Mark', 'Young', 'myoung@hotmail.com', '233-613-8065');
INSERT INTO dim_customers (customer_id, first_name, last_name, email, phone) VALUES (325, 'Richard', 'Martin', 'richard43@gmail.com', '649-778-8740');
INSERT INTO dim_customers (customer_id, first_name, last_name, email, phone) VALUES (326, 'Susan', 'Scott', 'sscott@corporate.org', '881-655-8433');
INSERT INTO dim_customers (customer_id, first_name, last_name, email, phone) VALUES (327, 'Donna', 'Nelson', 'donna.nelson@gmail.com', '602-288-3823');
INSERT INTO dim_customers (customer_id, first_name, last_name, email, phone) VALUES (328, 'Linda', 'Adams', 'linda.adams@hotmail.com', '594-343-4053');
INSERT INTO dim_customers (customer_id, first_name, last_name, email, phone) VALUES (329, 'William', 'Martinez', 'william.martinez@company.net', '242-656-3567');
INSERT INTO dim_customers (customer_id, first_name, last_name, email, phone) VALUES (330, 'Jessica', 'Gonzalez', 'jessica.gonzalez@corporate.org', '944-934-6804');
INSERT INTO dim_customers (customer_id, first_name, last_name, email, phone) VALUES (331, 'Susan', 'Rivera', 'susan.rivera@yahoo.com', '765-217-1315');
INSERT INTO dim_customers (customer_id, first_name, last_name, email, phone) VALUES (332, 'Nancy', 'Martinez', 'martinez_nancy@enterprise.com', '603-323-7604');
INSERT INTO dim_customers (customer_id, first_name, last_name, email, phone) VALUES (333, 'Christopher', 'Allen', 'christopher.allen@outlook.com', '287-381-1536');
INSERT INTO dim_customers (customer_id, first_name, last_name, email, phone) VALUES (334, 'Daniel', 'Scott', 'daniel.scott@enterprise.com', '914-406-1017');
INSERT INTO dim_customers (customer_id, first_name, last_name, email, phone) VALUES (335, 'Jennifer', 'Garcia', 'garcia_jennifer@yahoo.com', '430-717-1807');
INSERT INTO dim_customers (customer_id, first_name, last_name, email, phone) VALUES (336, 'Richard', 'Garcia', 'rgarcia@yahoo.com', '556-558-5343');
INSERT INTO dim_customers (customer_id, first_name, last_name, email, phone) VALUES (337, 'Mary', 'Martin', 'martin_mary@yahoo.com', '810-644-9615');
INSERT INTO dim_customers (customer_id, first_name, last_name, email, phone) VALUES (338, 'Melissa', 'Wright', 'melissa.wright@corporate.org', '759-564-4144');
INSERT INTO dim_customers (customer_id, first_name, last_name, email, phone) VALUES (339, 'Elizabeth', 'Johnson', 'johnson_elizabeth@outlook.com', '763-712-9935');
INSERT INTO dim_customers (customer_id, first_name, last_name, email, phone) VALUES (340, 'Matthew', 'Moore', 'moore_matthew@corporate.org', '622-289-3070');
INSERT INTO dim_customers (customer_id, first_name, last_name, email, phone) VALUES (341, 'Steven', 'Green', 'green_steven@outlook.com', '620-743-8530');
INSERT INTO dim_customers (customer_id, first_name, last_name, email, phone) VALUES (342, 'Emily', 'Baker', 'emily70@corporate.org', '237-426-3646');
INSERT INTO dim_customers (customer_id, first_name, last_name, email, phone) VALUES (343, 'Carol', 'Thomas', 'carol.thomas@outlook.com', '203-396-6074');
INSERT INTO dim_customers (customer_id, first_name, last_name, email, phone) VALUES (344, 'Kenneth', 'Flores', 'kenneth.flores@yahoo.com', '601-504-9474');
INSERT INTO dim_customers (customer_id, first_name, last_name, email, phone) VALUES (345, 'Steven', 'Sanchez', 'steven.sanchez@company.net', '790-503-5082');
INSERT INTO dim_customers (customer_id, first_name, last_name, email, phone) VALUES (346, 'Paul', 'Robinson', 'paul39@corporate.org', '240-685-1308');
INSERT INTO dim_customers (customer_id, first_name, last_name, email, phone) VALUES (347, 'Richard', 'Harris', 'richard39@enterprise.com', '688-972-8057');
INSERT INTO dim_customers (customer_id, first_name, last_name, email, phone) VALUES (348, 'George', 'Gonzalez', 'george97@yahoo.com', '380-988-1109');
INSERT INTO dim_customers (customer_id, first_name, last_name, email, phone) VALUES (349, 'John', 'Nelson', 'jnelson@yahoo.com', '520-692-6696');
INSERT INTO dim_customers (customer_id, first_name, last_name, email, phone) VALUES (350, 'Barbara', 'Lewis', 'blewis@yahoo.com', '638-864-2563');
INSERT INTO dim_customers (customer_id, first_name, last_name, email, phone) VALUES (351, 'Carol', 'Green', 'carol.green@outlook.com', '280-258-1940');
INSERT INTO dim_customers (customer_id, first_name, last_name, email, phone) VALUES (352, 'Margaret', 'Rivera', 'mrivera@corporate.org', '834-916-3761');
INSERT INTO dim_customers (customer_id, first_name, last_name, email, phone) VALUES (353, 'Andrew', 'Torres', 'andrew25@enterprise.com', '644-717-5079');
INSERT INTO dim_customers (customer_id, first_name, last_name, email, phone) VALUES (354, 'Brian', 'Nelson', 'bnelson@company.net', '485-362-7963');
INSERT INTO dim_customers (customer_id, first_name, last_name, email, phone) VALUES (355, 'Matthew', 'Thompson', 'matthew.thompson@gmail.com', '251-917-6496');
INSERT INTO dim_customers (customer_id, first_name, last_name, email, phone) VALUES (356, 'Steven', 'Green', 'steven69@corporate.org', '598-956-8087');
INSERT INTO dim_customers (customer_id, first_name, last_name, email, phone) VALUES (357, 'Carol', 'Green', 'carol.green@corporate.org', '688-607-8801');
INSERT INTO dim_customers (customer_id, first_name, last_name, email, phone) VALUES (358, 'Matthew', 'Nguyen', 'matthew26@hotmail.com', '324-264-7501');
INSERT INTO dim_customers (customer_id, first_name, last_name, email, phone) VALUES (359, 'David', 'Thomas', 'david.thomas@enterprise.com', '216-266-4584');
INSERT INTO dim_customers (customer_id, first_name, last_name, email, phone) VALUES (360, 'Karen', 'Harris', 'karen.harris@hotmail.com', '909-873-4689');
INSERT INTO dim_customers (customer_id, first_name, last_name, email, phone) VALUES (361, 'John', 'Nguyen', 'john.nguyen@company.net', '909-661-3966');
INSERT INTO dim_customers (customer_id, first_name, last_name, email, phone) VALUES (362, 'Sarah', 'Campbell', 'scampbell@outlook.com', '271-815-9417');
INSERT INTO dim_customers (customer_id, first_name, last_name, email, phone) VALUES (363, 'Steven', 'Hill', 'hill_steven@company.net', '803-387-2584');
INSERT INTO dim_customers (customer_id, first_name, last_name, email, phone) VALUES (364, 'Elizabeth', 'Flores', 'flores_elizabeth@corporate.org', '834-878-9517');
INSERT INTO dim_customers (customer_id, first_name, last_name, email, phone) VALUES (365, 'Brian', 'Garcia', 'brian.garcia@company.net', '304-907-6254');
INSERT INTO dim_customers (customer_id, first_name, last_name, email, phone) VALUES (366, 'Jennifer', 'Jones', 'jennifer79@gmail.com', '655-524-2525');
INSERT INTO dim_customers (customer_id, first_name, last_name, email, phone) VALUES (367, 'Deborah', 'Wilson', 'wilson_deborah@enterprise.com', '961-612-5420');
INSERT INTO dim_customers (customer_id, first_name, last_name, email, phone) VALUES (368, 'Donald', 'Robinson', 'robinson_donald@company.net', '509-528-8502');
INSERT INTO dim_customers (customer_id, first_name, last_name, email, phone) VALUES (369, 'Kevin', 'Clark', 'kevin.clark@outlook.com', '487-971-1627');
INSERT INTO dim_customers (customer_id, first_name, last_name, email, phone) VALUES (370, 'Kevin', 'Davis', 'kdavis@outlook.com', '905-707-4728');
INSERT INTO dim_customers (customer_id, first_name, last_name, email, phone) VALUES (371, 'Jennifer', 'Adams', 'jadams@company.net', '507-486-2045');
INSERT INTO dim_customers (customer_id, first_name, last_name, email, phone) VALUES (372, 'Paul', 'Gonzalez', 'pgonzalez@enterprise.com', '822-242-3036');
INSERT INTO dim_customers (customer_id, first_name, last_name, email, phone) VALUES (373, 'Anthony', 'Miller', 'amiller@company.net', '657-692-3521');
INSERT INTO dim_customers (customer_id, first_name, last_name, email, phone) VALUES (374, 'Andrew', 'Thomas', 'andrew.thomas@corporate.org', '629-735-1940');
INSERT INTO dim_customers (customer_id, first_name, last_name, email, phone) VALUES (375, 'Kevin', 'Thomas', 'kevin.thomas@corporate.org', '361-643-9306');
INSERT INTO dim_customers (customer_id, first_name, last_name, email, phone) VALUES (376, 'Matthew', 'Miller', 'miller_matthew@corporate.org', '306-256-3149');
INSERT INTO dim_customers (customer_id, first_name, last_name, email, phone) VALUES (377, 'Christopher', 'Ramirez', 'ramirez_christopher@gmail.com', '598-282-4806');
INSERT INTO dim_customers (customer_id, first_name, last_name, email, phone) VALUES (378, 'Donna', 'Perez', 'perez_donna@outlook.com', '389-736-4950');
INSERT INTO dim_customers (customer_id, first_name, last_name, email, phone) VALUES (379, 'Emily', 'Green', 'egreen@enterprise.com', '700-783-2012');
INSERT INTO dim_customers (customer_id, first_name, last_name, email, phone) VALUES (380, 'Amanda', 'Gonzalez', 'amanda88@company.net', '703-809-2289');
INSERT INTO dim_customers (customer_id, first_name, last_name, email, phone) VALUES (381, 'Donald', 'Moore', 'dmoore@outlook.com', '880-766-1620');
INSERT INTO dim_customers (customer_id, first_name, last_name, email, phone) VALUES (382, 'Matthew', 'Clark', 'clark_matthew178@corporate.org', '664-699-1689');
INSERT INTO dim_customers (customer_id, first_name, last_name, email, phone) VALUES (383, 'Jennifer', 'Jackson', 'jennifer63@gmail.com', '291-635-3860');
INSERT INTO dim_customers (customer_id, first_name, last_name, email, phone) VALUES (384, 'Joshua', 'Sanchez', 'jsanchez@corporate.org', '856-429-8694');
INSERT INTO dim_customers (customer_id, first_name, last_name, email, phone) VALUES (385, 'Michael', 'Clark', 'michael.clark@outlook.com', '476-684-7495');
INSERT INTO dim_customers (customer_id, first_name, last_name, email, phone) VALUES (386, 'Linda', 'Lee', 'linda.lee@hotmail.com', '619-269-7633');
INSERT INTO dim_customers (customer_id, first_name, last_name, email, phone) VALUES (387, 'Michael', 'Garcia', 'mgarcia@corporate.org', '328-212-3442');
INSERT INTO dim_customers (customer_id, first_name, last_name, email, phone) VALUES (388, 'Melissa', 'Brown', 'melissa55@enterprise.com', '250-801-9975');
INSERT INTO dim_customers (customer_id, first_name, last_name, email, phone) VALUES (389, 'Robert', 'Gonzalez', 'rgonzalez@yahoo.com', '965-855-3441');
INSERT INTO dim_customers (customer_id, first_name, last_name, email, phone) VALUES (390, 'Michelle', 'Taylor', 'mtaylor@gmail.com', '399-720-9495');
INSERT INTO dim_customers (customer_id, first_name, last_name, email, phone) VALUES (391, 'Anthony', 'Perez', 'anthony88@outlook.com', '892-306-7518');
INSERT INTO dim_customers (customer_id, first_name, last_name, email, phone) VALUES (392, 'Andrew', 'Jackson', 'jackson_andrew@enterprise.com', '892-910-4187');
INSERT INTO dim_customers (customer_id, first_name, last_name, email, phone) VALUES (393, 'Barbara', 'Wright', 'barbara92@gmail.com', '322-999-9944');
INSERT INTO dim_customers (customer_id, first_name, last_name, email, phone) VALUES (394, 'Ashley', 'Green', 'agreen@yahoo.com', '449-625-3972');
INSERT INTO dim_customers (customer_id, first_name, last_name, email, phone) VALUES (395, 'Daniel', 'Garcia', 'daniel83@corporate.org', '641-475-6507');
INSERT INTO dim_customers (customer_id, first_name, last_name, email, phone) VALUES (396, 'Paul', 'Perez', 'perez_paul@company.net', '589-327-7287');
INSERT INTO dim_customers (customer_id, first_name, last_name, email, phone) VALUES (397, 'Sandra', 'Walker', 'sandra.walker@corporate.org', '958-968-7338');
INSERT INTO dim_customers (customer_id, first_name, last_name, email, phone) VALUES (398, 'Kimberly', 'Johnson', 'kimberly.johnson@corporate.org', '719-965-9872');
INSERT INTO dim_customers (customer_id, first_name, last_name, email, phone) VALUES (399, 'Betty', 'Campbell', 'bcampbell@gmail.com', '366-558-2882');
INSERT INTO dim_customers (customer_id, first_name, last_name, email, phone) VALUES (400, 'Nancy', 'Baker', 'nbaker@yahoo.com', '200-230-3916');
INSERT INTO dim_customers (customer_id, first_name, last_name, email, phone) VALUES (401, 'Karen', 'Garcia', 'kgarcia@outlook.com', '309-636-2480');
INSERT INTO dim_customers (customer_id, first_name, last_name, email, phone) VALUES (402, 'James', 'Lee', 'jlee@hotmail.com', '645-772-8097');
INSERT INTO dim_customers (customer_id, first_name, last_name, email, phone) VALUES (403, 'Ashley', 'Lopez', 'alopez@enterprise.com', '680-674-1171');
INSERT INTO dim_customers (customer_id, first_name, last_name, email, phone) VALUES (404, 'Nancy', 'Rodriguez', 'nancy.rodriguez@hotmail.com', '340-262-9289');
INSERT INTO dim_customers (customer_id, first_name, last_name, email, phone) VALUES (405, 'Matthew', 'Taylor', 'matthew78@company.net', '756-210-7435');
INSERT INTO dim_customers (customer_id, first_name, last_name, email, phone) VALUES (406, 'Michelle', 'Flores', 'flores_michelle@corporate.org', '462-288-4276');
INSERT INTO dim_customers (customer_id, first_name, last_name, email, phone) VALUES (407, 'Nancy', 'Wright', 'nancy.wright@enterprise.com', '553-753-6152');
INSERT INTO dim_customers (customer_id, first_name, last_name, email, phone) VALUES (408, 'Joshua', 'Nelson', 'jnelson@company.net', '758-988-4946');
INSERT INTO dim_customers (customer_id, first_name, last_name, email, phone) VALUES (409, 'David', 'Martin', 'martin_david@gmail.com', '642-824-2768');
INSERT INTO dim_customers (customer_id, first_name, last_name, email, phone) VALUES (410, 'Elizabeth', 'Moore', 'emoore@enterprise.com', '729-989-8326');
INSERT INTO dim_customers (customer_id, first_name, last_name, email, phone) VALUES (411, 'Lisa', 'Harris', 'harris_lisa@outlook.com', '485-551-1669');
INSERT INTO dim_customers (customer_id, first_name, last_name, email, phone) VALUES (412, 'Amanda', 'Mitchell', 'mitchell_amanda243@gmail.com', '352-676-8727');
INSERT INTO dim_customers (customer_id, first_name, last_name, email, phone) VALUES (413, 'Michael', 'Flores', 'michael.flores@yahoo.com', '501-863-2905');
INSERT INTO dim_customers (customer_id, first_name, last_name, email, phone) VALUES (414, 'Susan', 'Wilson', 'susan90@gmail.com', '510-948-9155');
INSERT INTO dim_customers (customer_id, first_name, last_name, email, phone) VALUES (415, 'Sarah', 'Rivera', 'rivera_sarah@corporate.org', '717-693-1207');
INSERT INTO dim_customers (customer_id, first_name, last_name, email, phone) VALUES (416, 'Margaret', 'Martin', 'margaret.martin@yahoo.com', '963-938-5279');
INSERT INTO dim_customers (customer_id, first_name, last_name, email, phone) VALUES (417, 'Emily', 'Allen', 'emily.allen@gmail.com', '366-852-6647');
INSERT INTO dim_customers (customer_id, first_name, last_name, email, phone) VALUES (418, 'Joshua', 'Miller', 'joshua47@corporate.org', '607-707-3716');
INSERT INTO dim_customers (customer_id, first_name, last_name, email, phone) VALUES (419, 'Andrew', 'King', 'aking@outlook.com', '887-388-2541');
INSERT INTO dim_customers (customer_id, first_name, last_name, email, phone) VALUES (420, 'Susan', 'Harris', 'susan73@enterprise.com', '229-653-8076');
INSERT INTO dim_customers (customer_id, first_name, last_name, email, phone) VALUES (421, 'George', 'Lopez', 'george.lopez@outlook.com', '743-319-1268');
INSERT INTO dim_customers (customer_id, first_name, last_name, email, phone) VALUES (422, 'Matthew', 'Brown', 'brown_matthew@company.net', '296-705-2490');
INSERT INTO dim_customers (customer_id, first_name, last_name, email, phone) VALUES (423, 'Kevin', 'Moore', 'kevin.moore@yahoo.com', '575-240-9927');
INSERT INTO dim_customers (customer_id, first_name, last_name, email, phone) VALUES (424, 'James', 'Taylor', 'taylor_james@gmail.com', '314-578-8579');
INSERT INTO dim_customers (customer_id, first_name, last_name, email, phone) VALUES (425, 'Amanda', 'Rodriguez', 'amanda38@yahoo.com', '228-283-7861');
INSERT INTO dim_customers (customer_id, first_name, last_name, email, phone) VALUES (426, 'Barbara', 'Williams', 'barbara97@gmail.com', '724-427-3286');
INSERT INTO dim_customers (customer_id, first_name, last_name, email, phone) VALUES (427, 'Deborah', 'Campbell', 'deborah12@gmail.com', '230-230-5858');
INSERT INTO dim_customers (customer_id, first_name, last_name, email, phone) VALUES (428, 'Matthew', 'Davis', 'davis_matthew@corporate.org', '919-795-9159');
INSERT INTO dim_customers (customer_id, first_name, last_name, email, phone) VALUES (429, 'Deborah', 'Flores', 'deborah73@outlook.com', '603-689-3670');
INSERT INTO dim_customers (customer_id, first_name, last_name, email, phone) VALUES (430, 'Melissa', 'Moore', 'melissa84@gmail.com', '713-751-6625');
INSERT INTO dim_customers (customer_id, first_name, last_name, email, phone) VALUES (431, 'Paul', 'Wilson', 'pwilson@yahoo.com', '602-723-6706');
INSERT INTO dim_customers (customer_id, first_name, last_name, email, phone) VALUES (432, 'Brian', 'Brown', 'brown_brian@gmail.com', '900-762-4163');
INSERT INTO dim_customers (customer_id, first_name, last_name, email, phone) VALUES (433, 'Brian', 'Anderson', 'brian41@company.net', '651-677-7006');
INSERT INTO dim_customers (customer_id, first_name, last_name, email, phone) VALUES (434, 'James', 'Adams', 'jadams@gmail.com', '858-694-2564');
INSERT INTO dim_customers (customer_id, first_name, last_name, email, phone) VALUES (435, 'George', 'Miller', 'george.miller@gmail.com', '786-602-1552');
INSERT INTO dim_customers (customer_id, first_name, last_name, email, phone) VALUES (436, 'Jennifer', 'Green', 'jennifer.green@corporate.org', '473-902-3125');
INSERT INTO dim_customers (customer_id, first_name, last_name, email, phone) VALUES (437, 'Donna', 'Baker', 'baker_donna@corporate.org', '490-347-8453');
INSERT INTO dim_customers (customer_id, first_name, last_name, email, phone) VALUES (438, 'Robert', 'Davis', 'davis_robert@corporate.org', '974-651-7859');
INSERT INTO dim_customers (customer_id, first_name, last_name, email, phone) VALUES (439, 'Betty', 'Moore', 'moore_betty@enterprise.com', '837-942-1226');
INSERT INTO dim_customers (customer_id, first_name, last_name, email, phone) VALUES (440, 'Andrew', 'Baker', 'andrew.baker@company.net', '473-812-6171');
INSERT INTO dim_customers (customer_id, first_name, last_name, email, phone) VALUES (441, 'Daniel', 'Baker', 'daniel14@company.net', '987-878-1603');
INSERT INTO dim_customers (customer_id, first_name, last_name, email, phone) VALUES (442, 'Joseph', 'Sanchez', 'joseph.sanchez@outlook.com', '212-442-5026');
INSERT INTO dim_customers (customer_id, first_name, last_name, email, phone) VALUES (443, 'Deborah', 'Rivera', 'rivera_deborah@gmail.com', '570-351-8728');
INSERT INTO dim_customers (customer_id, first_name, last_name, email, phone) VALUES (444, 'John', 'Johnson', 'john56@corporate.org', '924-303-1260');
INSERT INTO dim_customers (customer_id, first_name, last_name, email, phone) VALUES (445, 'Linda', 'Walker', 'linda44@enterprise.com', '934-708-1857');
INSERT INTO dim_customers (customer_id, first_name, last_name, email, phone) VALUES (446, 'Anthony', 'Smith', 'anthony.smith@hotmail.com', '638-860-3081');
INSERT INTO dim_customers (customer_id, first_name, last_name, email, phone) VALUES (447, 'Richard', 'Walker', 'richard.walker@company.net', '632-389-2568');
INSERT INTO dim_customers (customer_id, first_name, last_name, email, phone) VALUES (448, 'Anthony', 'Adams', 'anthony.adams@outlook.com', '808-818-9272');
INSERT INTO dim_customers (customer_id, first_name, last_name, email, phone) VALUES (449, 'Linda', 'Hernandez', 'lhernandez@enterprise.com', '942-234-2959');
INSERT INTO dim_customers (customer_id, first_name, last_name, email, phone) VALUES (450, 'Susan', 'Hall', 'shall@enterprise.com', '352-302-8869');
INSERT INTO dim_customers (customer_id, first_name, last_name, email, phone) VALUES (451, 'Amanda', 'White', 'amanda78@enterprise.com', '316-374-5227');
INSERT INTO dim_customers (customer_id, first_name, last_name, email, phone) VALUES (452, 'Sarah', 'King', 'king_sarah@outlook.com', '328-906-1633');
INSERT INTO dim_customers (customer_id, first_name, last_name, email, phone) VALUES (453, 'Thomas', 'Lewis', 'tlewis@outlook.com', '411-815-1418');
INSERT INTO dim_customers (customer_id, first_name, last_name, email, phone) VALUES (454, 'Kenneth', 'Lee', 'kenneth.lee@corporate.org', '425-455-3260');
INSERT INTO dim_customers (customer_id, first_name, last_name, email, phone) VALUES (455, 'Brian', 'Walker', 'walker_brian@hotmail.com', '558-587-5212');
INSERT INTO dim_customers (customer_id, first_name, last_name, email, phone) VALUES (456, 'Joseph', 'Lee', 'joseph.lee@yahoo.com', '822-228-1797');
INSERT INTO dim_customers (customer_id, first_name, last_name, email, phone) VALUES (457, 'Ashley', 'Garcia', 'agarcia@enterprise.com', '789-913-3252');
INSERT INTO dim_customers (customer_id, first_name, last_name, email, phone) VALUES (458, 'Amanda', 'Campbell', 'acampbell@corporate.org', '207-394-7676');
INSERT INTO dim_customers (customer_id, first_name, last_name, email, phone) VALUES (459, 'Andrew', 'Robinson', 'robinson_andrew@hotmail.com', '923-527-8763');
INSERT INTO dim_customers (customer_id, first_name, last_name, email, phone) VALUES (460, 'Thomas', 'White', 'twhite@outlook.com', '702-213-3588');
INSERT INTO dim_customers (customer_id, first_name, last_name, email, phone) VALUES (461, 'Nancy', 'Thomas', 'nancy.thomas@yahoo.com', '878-945-5356');
INSERT INTO dim_customers (customer_id, first_name, last_name, email, phone) VALUES (462, 'Nancy', 'Hernandez', 'nancy36@corporate.org', '827-988-4319');
INSERT INTO dim_customers (customer_id, first_name, last_name, email, phone) VALUES (463, 'Anthony', 'Lee', 'alee@company.net', '648-991-1497');
INSERT INTO dim_customers (customer_id, first_name, last_name, email, phone) VALUES (464, 'Ashley', 'Baker', 'ashley85@hotmail.com', '285-657-7153');
INSERT INTO dim_customers (customer_id, first_name, last_name, email, phone) VALUES (465, 'Matthew', 'Clark', 'matthew.clark@hotmail.com', '533-281-4794');
INSERT INTO dim_customers (customer_id, first_name, last_name, email, phone) VALUES (466, 'Joshua', 'Nelson', 'nelson_joshua@outlook.com', '796-517-2393');
INSERT INTO dim_customers (customer_id, first_name, last_name, email, phone) VALUES (467, 'Donna', 'Hill', 'donna.hill@company.net', '682-546-7690');
INSERT INTO dim_customers (customer_id, first_name, last_name, email, phone) VALUES (468, 'Nancy', 'Perez', 'perez_nancy@gmail.com', '227-205-9803');
INSERT INTO dim_customers (customer_id, first_name, last_name, email, phone) VALUES (469, 'Sandra', 'Campbell', 'scampbell@corporate.org', '953-329-5211');
INSERT INTO dim_customers (customer_id, first_name, last_name, email, phone) VALUES (470, 'Susan', 'Flores', 'susan.flores@enterprise.com', '316-981-9861');
INSERT INTO dim_customers (customer_id, first_name, last_name, email, phone) VALUES (471, 'Carol', 'Wilson', 'carol34@company.net', '507-295-4306');
INSERT INTO dim_customers (customer_id, first_name, last_name, email, phone) VALUES (472, 'Emily', 'Gonzalez', 'gonzalez_emily@corporate.org', '735-504-7609');
INSERT INTO dim_customers (customer_id, first_name, last_name, email, phone) VALUES (473, 'Mark', 'Smith', 'mark.smith@gmail.com', '332-743-4061');
INSERT INTO dim_customers (customer_id, first_name, last_name, email, phone) VALUES (474, 'Michael', 'Nguyen', 'mnguyen@enterprise.com', '756-355-6381');
INSERT INTO dim_customers (customer_id, first_name, last_name, email, phone) VALUES (475, 'Elizabeth', 'King', 'king_elizabeth@gmail.com', '315-884-8938');
INSERT INTO dim_customers (customer_id, first_name, last_name, email, phone) VALUES (476, 'Jennifer', 'Clark', 'jennifer.clark@enterprise.com', '915-836-4426');
INSERT INTO dim_customers (customer_id, first_name, last_name, email, phone) VALUES (477, 'Donald', 'Scott', 'scott_donald@company.net', '709-851-4761');
INSERT INTO dim_customers (customer_id, first_name, last_name, email, phone) VALUES (478, 'Jennifer', 'Allen', 'jennifer.allen@hotmail.com', '260-702-1522');
INSERT INTO dim_customers (customer_id, first_name, last_name, email, phone) VALUES (479, 'James', 'Lee', 'jlee@company.net', '849-357-9902');
INSERT INTO dim_customers (customer_id, first_name, last_name, email, phone) VALUES (480, 'Margaret', 'White', 'margaret86@company.net', '217-922-1527');
INSERT INTO dim_customers (customer_id, first_name, last_name, email, phone) VALUES (481, 'Michelle', 'Jackson', 'mjackson@hotmail.com', '855-501-6984');
INSERT INTO dim_customers (customer_id, first_name, last_name, email, phone) VALUES (482, 'Barbara', 'Ramirez', 'barbara.ramirez@company.net', '819-610-2829');
INSERT INTO dim_customers (customer_id, first_name, last_name, email, phone) VALUES (483, 'Christopher', 'Johnson', 'christopher.johnson@corporate.org', '791-417-7831');
INSERT INTO dim_customers (customer_id, first_name, last_name, email, phone) VALUES (484, 'Kenneth', 'Baker', 'kenneth43@gmail.com', '907-267-4298');
INSERT INTO dim_customers (customer_id, first_name, last_name, email, phone) VALUES (485, 'Amanda', 'Allen', 'amanda73@enterprise.com', '575-493-1362');
INSERT INTO dim_customers (customer_id, first_name, last_name, email, phone) VALUES (486, 'Sandra', 'Torres', 'storres@hotmail.com', '561-751-3823');
INSERT INTO dim_customers (customer_id, first_name, last_name, email, phone) VALUES (487, 'Kenneth', 'White', 'kwhite@gmail.com', '513-765-8936');
INSERT INTO dim_customers (customer_id, first_name, last_name, email, phone) VALUES (488, 'Nancy', 'Walker', 'nancy.walker@hotmail.com', '676-697-2630');
INSERT INTO dim_customers (customer_id, first_name, last_name, email, phone) VALUES (489, 'Kevin', 'Thompson', 'kthompson@gmail.com', '870-894-9930');
INSERT INTO dim_customers (customer_id, first_name, last_name, email, phone) VALUES (490, 'Sandra', 'Smith', 'sandra56@corporate.org', '982-808-4830');
INSERT INTO dim_customers (customer_id, first_name, last_name, email, phone) VALUES (491, 'William', 'Scott', 'william30@company.net', '584-581-7474');
INSERT INTO dim_customers (customer_id, first_name, last_name, email, phone) VALUES (492, 'Richard', 'Robinson', 'robinson_richard@enterprise.com', '281-403-2267');
INSERT INTO dim_customers (customer_id, first_name, last_name, email, phone) VALUES (493, 'Charles', 'Brown', 'charles88@company.net', '339-341-3869');
INSERT INTO dim_customers (customer_id, first_name, last_name, email, phone) VALUES (494, 'Mark', 'Williams', 'williams_mark@outlook.com', '836-681-1849');
INSERT INTO dim_customers (customer_id, first_name, last_name, email, phone) VALUES (495, 'Jessica', 'Nelson', 'jnelson@outlook.com', '472-287-1749');
INSERT INTO dim_customers (customer_id, first_name, last_name, email, phone) VALUES (496, 'Betty', 'Young', 'byoung@company.net', '244-211-3851');
INSERT INTO dim_customers (customer_id, first_name, last_name, email, phone) VALUES (497, 'Jennifer', 'Ramirez', 'ramirez_jennifer@outlook.com', '779-278-1964');
INSERT INTO dim_customers (customer_id, first_name, last_name, email, phone) VALUES (498, 'Donald', 'Rivera', 'donald.rivera@yahoo.com', '688-811-4919');
INSERT INTO dim_customers (customer_id, first_name, last_name, email, phone) VALUES (499, 'Carol', 'Smith', 'smith_carol@yahoo.com', '385-731-6569');
INSERT INTO dim_customers (customer_id, first_name, last_name, email, phone) VALUES (500, 'Michael', 'Torres', 'mtorres@company.net', '649-235-6199');

-- Inserting Sales (500 rows)
INSERT INTO fact_sales (sale_id, customer_id, product_id, quantity, total_amount, sale_date) VALUES (1, 184, 7, 4, 59.96, '2026-02-13 10:11:24');
INSERT INTO fact_sales (sale_id, customer_id, product_id, quantity, total_amount, sale_date) VALUES (2, 316, 6, 3, 1799.97, '2025-09-14 16:59:24');
INSERT INTO fact_sales (sale_id, customer_id, product_id, quantity, total_amount, sale_date) VALUES (3, 213, 10, 4, 79.96, '2025-11-07 09:06:24');
INSERT INTO fact_sales (sale_id, customer_id, product_id, quantity, total_amount, sale_date) VALUES (4, 487, 14, 4, 51.96, '2026-04-15 11:09:24');
INSERT INTO fact_sales (sale_id, customer_id, product_id, quantity, total_amount, sale_date) VALUES (5, 331, 10, 3, 59.97, '2025-12-04 08:46:24');
INSERT INTO fact_sales (sale_id, customer_id, product_id, quantity, total_amount, sale_date) VALUES (6, 383, 7, 2, 29.98, '2025-11-13 13:14:24');
INSERT INTO fact_sales (sale_id, customer_id, product_id, quantity, total_amount, sale_date) VALUES (7, 16, 9, 2, 99.98, '2026-06-21 17:36:24');
INSERT INTO fact_sales (sale_id, customer_id, product_id, quantity, total_amount, sale_date) VALUES (8, 453, 1, 3, 3899.97, '2026-03-29 14:39:24');
INSERT INTO fact_sales (sale_id, customer_id, product_id, quantity, total_amount, sale_date) VALUES (9, 153, 4, 4, 1399.96, '2025-12-07 07:59:24');
INSERT INTO fact_sales (sale_id, customer_id, product_id, quantity, total_amount, sale_date) VALUES (10, 116, 1, 4, 5199.96, '2026-05-06 17:29:24');
INSERT INTO fact_sales (sale_id, customer_id, product_id, quantity, total_amount, sale_date) VALUES (11, 291, 5, 3, 749.97, '2025-11-18 06:37:24');
INSERT INTO fact_sales (sale_id, customer_id, product_id, quantity, total_amount, sale_date) VALUES (12, 233, 4, 2, 699.98, '2025-12-25 03:58:24');
INSERT INTO fact_sales (sale_id, customer_id, product_id, quantity, total_amount, sale_date) VALUES (13, 122, 6, 4, 2399.96, '2026-05-02 17:19:24');
INSERT INTO fact_sales (sale_id, customer_id, product_id, quantity, total_amount, sale_date) VALUES (14, 119, 15, 3, 269.97, '2026-01-02 21:25:24');
INSERT INTO fact_sales (sale_id, customer_id, product_id, quantity, total_amount, sale_date) VALUES (15, 73, 4, 3, 1049.97, '2025-11-05 09:57:24');
INSERT INTO fact_sales (sale_id, customer_id, product_id, quantity, total_amount, sale_date) VALUES (16, 115, 8, 4, 799.96, '2026-01-03 19:49:24');
INSERT INTO fact_sales (sale_id, customer_id, product_id, quantity, total_amount, sale_date) VALUES (17, 166, 5, 5, 1249.95, '2025-08-06 21:31:24');
INSERT INTO fact_sales (sale_id, customer_id, product_id, quantity, total_amount, sale_date) VALUES (18, 255, 8, 4, 799.96, '2026-01-16 08:28:24');
INSERT INTO fact_sales (sale_id, customer_id, product_id, quantity, total_amount, sale_date) VALUES (19, 276, 13, 5, 2499.95, '2025-11-23 17:01:24');
INSERT INTO fact_sales (sale_id, customer_id, product_id, quantity, total_amount, sale_date) VALUES (20, 179, 3, 1, 109.99, '2025-10-11 03:12:24');
INSERT INTO fact_sales (sale_id, customer_id, product_id, quantity, total_amount, sale_date) VALUES (21, 373, 9, 4, 199.96, '2026-05-24 07:39:24');
INSERT INTO fact_sales (sale_id, customer_id, product_id, quantity, total_amount, sale_date) VALUES (22, 199, 10, 5, 99.95, '2026-02-26 11:27:24');
INSERT INTO fact_sales (sale_id, customer_id, product_id, quantity, total_amount, sale_date) VALUES (23, 138, 10, 3, 59.97, '2025-10-25 09:55:24');
INSERT INTO fact_sales (sale_id, customer_id, product_id, quantity, total_amount, sale_date) VALUES (24, 177, 10, 5, 99.95, '2026-04-11 17:08:24');
INSERT INTO fact_sales (sale_id, customer_id, product_id, quantity, total_amount, sale_date) VALUES (25, 223, 11, 2, 139.98, '2026-04-19 01:28:24');
INSERT INTO fact_sales (sale_id, customer_id, product_id, quantity, total_amount, sale_date) VALUES (26, 471, 9, 3, 149.97, '2026-06-11 00:36:24');
INSERT INTO fact_sales (sale_id, customer_id, product_id, quantity, total_amount, sale_date) VALUES (27, 252, 12, 2, 79.98, '2026-04-11 21:35:24');
INSERT INTO fact_sales (sale_id, customer_id, product_id, quantity, total_amount, sale_date) VALUES (28, 177, 14, 2, 25.98, '2025-08-06 06:38:24');
INSERT INTO fact_sales (sale_id, customer_id, product_id, quantity, total_amount, sale_date) VALUES (29, 358, 14, 3, 38.97, '2026-05-29 03:35:24');
INSERT INTO fact_sales (sale_id, customer_id, product_id, quantity, total_amount, sale_date) VALUES (30, 161, 2, 5, 299.95, '2025-09-06 10:50:24');
INSERT INTO fact_sales (sale_id, customer_id, product_id, quantity, total_amount, sale_date) VALUES (31, 300, 3, 5, 549.95, '2025-08-04 03:46:24');
INSERT INTO fact_sales (sale_id, customer_id, product_id, quantity, total_amount, sale_date) VALUES (32, 6, 12, 3, 119.97, '2025-08-06 21:47:24');
INSERT INTO fact_sales (sale_id, customer_id, product_id, quantity, total_amount, sale_date) VALUES (33, 150, 6, 1, 599.99, '2025-11-29 17:53:24');
INSERT INTO fact_sales (sale_id, customer_id, product_id, quantity, total_amount, sale_date) VALUES (34, 239, 15, 1, 89.99, '2026-03-07 21:27:24');
INSERT INTO fact_sales (sale_id, customer_id, product_id, quantity, total_amount, sale_date) VALUES (35, 490, 6, 3, 1799.97, '2025-08-07 18:14:24');
INSERT INTO fact_sales (sale_id, customer_id, product_id, quantity, total_amount, sale_date) VALUES (36, 204, 11, 2, 139.98, '2026-05-08 12:29:24');
INSERT INTO fact_sales (sale_id, customer_id, product_id, quantity, total_amount, sale_date) VALUES (37, 476, 8, 2, 399.98, '2026-03-17 18:30:24');
INSERT INTO fact_sales (sale_id, customer_id, product_id, quantity, total_amount, sale_date) VALUES (38, 411, 9, 2, 99.98, '2025-09-28 02:39:24');
INSERT INTO fact_sales (sale_id, customer_id, product_id, quantity, total_amount, sale_date) VALUES (39, 175, 11, 2, 139.98, '2026-05-18 17:57:24');
INSERT INTO fact_sales (sale_id, customer_id, product_id, quantity, total_amount, sale_date) VALUES (40, 216, 12, 4, 159.96, '2026-03-21 16:05:24');
INSERT INTO fact_sales (sale_id, customer_id, product_id, quantity, total_amount, sale_date) VALUES (41, 98, 7, 3, 44.97, '2026-03-25 10:07:24');
INSERT INTO fact_sales (sale_id, customer_id, product_id, quantity, total_amount, sale_date) VALUES (42, 403, 1, 2, 2599.98, '2026-05-07 19:48:24');
INSERT INTO fact_sales (sale_id, customer_id, product_id, quantity, total_amount, sale_date) VALUES (43, 24, 6, 5, 2999.95, '2025-09-01 00:52:24');
INSERT INTO fact_sales (sale_id, customer_id, product_id, quantity, total_amount, sale_date) VALUES (44, 28, 9, 2, 99.98, '2025-09-12 02:53:24');
INSERT INTO fact_sales (sale_id, customer_id, product_id, quantity, total_amount, sale_date) VALUES (45, 138, 15, 3, 269.97, '2025-12-17 21:27:24');
INSERT INTO fact_sales (sale_id, customer_id, product_id, quantity, total_amount, sale_date) VALUES (46, 90, 4, 4, 1399.96, '2026-02-04 04:16:24');
INSERT INTO fact_sales (sale_id, customer_id, product_id, quantity, total_amount, sale_date) VALUES (47, 256, 5, 2, 499.98, '2025-10-12 05:06:24');
INSERT INTO fact_sales (sale_id, customer_id, product_id, quantity, total_amount, sale_date) VALUES (48, 171, 4, 4, 1399.96, '2026-07-01 19:11:24');
INSERT INTO fact_sales (sale_id, customer_id, product_id, quantity, total_amount, sale_date) VALUES (49, 224, 10, 4, 79.96, '2026-06-01 06:32:24');
INSERT INTO fact_sales (sale_id, customer_id, product_id, quantity, total_amount, sale_date) VALUES (50, 335, 7, 2, 29.98, '2026-03-14 16:41:24');
INSERT INTO fact_sales (sale_id, customer_id, product_id, quantity, total_amount, sale_date) VALUES (51, 269, 10, 3, 59.97, '2026-05-31 23:36:24');
INSERT INTO fact_sales (sale_id, customer_id, product_id, quantity, total_amount, sale_date) VALUES (52, 379, 2, 4, 239.96, '2026-06-20 11:21:24');
INSERT INTO fact_sales (sale_id, customer_id, product_id, quantity, total_amount, sale_date) VALUES (53, 487, 11, 1, 69.99, '2025-07-21 10:22:24');
INSERT INTO fact_sales (sale_id, customer_id, product_id, quantity, total_amount, sale_date) VALUES (54, 21, 6, 1, 599.99, '2026-04-23 06:22:24');
INSERT INTO fact_sales (sale_id, customer_id, product_id, quantity, total_amount, sale_date) VALUES (55, 189, 1, 3, 3899.97, '2025-12-13 06:11:24');
INSERT INTO fact_sales (sale_id, customer_id, product_id, quantity, total_amount, sale_date) VALUES (56, 71, 1, 4, 5199.96, '2026-04-30 11:04:24');
INSERT INTO fact_sales (sale_id, customer_id, product_id, quantity, total_amount, sale_date) VALUES (57, 24, 13, 2, 999.98, '2026-03-14 07:58:24');
INSERT INTO fact_sales (sale_id, customer_id, product_id, quantity, total_amount, sale_date) VALUES (58, 255, 2, 4, 239.96, '2026-03-08 14:59:24');
INSERT INTO fact_sales (sale_id, customer_id, product_id, quantity, total_amount, sale_date) VALUES (59, 188, 8, 1, 199.99, '2025-10-30 01:51:24');
INSERT INTO fact_sales (sale_id, customer_id, product_id, quantity, total_amount, sale_date) VALUES (60, 118, 2, 5, 299.95, '2025-07-24 19:53:24');
INSERT INTO fact_sales (sale_id, customer_id, product_id, quantity, total_amount, sale_date) VALUES (61, 358, 9, 1, 49.99, '2026-02-11 17:13:24');
INSERT INTO fact_sales (sale_id, customer_id, product_id, quantity, total_amount, sale_date) VALUES (62, 477, 8, 2, 399.98, '2025-09-07 21:52:24');
INSERT INTO fact_sales (sale_id, customer_id, product_id, quantity, total_amount, sale_date) VALUES (63, 346, 12, 2, 79.98, '2026-03-05 20:49:24');
INSERT INTO fact_sales (sale_id, customer_id, product_id, quantity, total_amount, sale_date) VALUES (64, 165, 13, 4, 1999.96, '2025-11-26 05:00:24');
INSERT INTO fact_sales (sale_id, customer_id, product_id, quantity, total_amount, sale_date) VALUES (65, 470, 4, 3, 1049.97, '2026-03-14 02:50:24');
INSERT INTO fact_sales (sale_id, customer_id, product_id, quantity, total_amount, sale_date) VALUES (66, 330, 14, 5, 64.95, '2026-02-26 07:11:24');
INSERT INTO fact_sales (sale_id, customer_id, product_id, quantity, total_amount, sale_date) VALUES (67, 61, 7, 2, 29.98, '2026-01-27 07:22:24');
INSERT INTO fact_sales (sale_id, customer_id, product_id, quantity, total_amount, sale_date) VALUES (68, 40, 6, 3, 1799.97, '2025-07-26 11:20:24');
INSERT INTO fact_sales (sale_id, customer_id, product_id, quantity, total_amount, sale_date) VALUES (69, 253, 12, 1, 39.99, '2026-04-06 02:59:24');
INSERT INTO fact_sales (sale_id, customer_id, product_id, quantity, total_amount, sale_date) VALUES (70, 166, 11, 4, 279.96, '2026-01-07 05:43:24');
INSERT INTO fact_sales (sale_id, customer_id, product_id, quantity, total_amount, sale_date) VALUES (71, 271, 8, 4, 799.96, '2026-02-18 22:44:24');
INSERT INTO fact_sales (sale_id, customer_id, product_id, quantity, total_amount, sale_date) VALUES (72, 270, 13, 1, 499.99, '2026-05-04 22:42:24');
INSERT INTO fact_sales (sale_id, customer_id, product_id, quantity, total_amount, sale_date) VALUES (73, 163, 7, 4, 59.96, '2025-09-22 14:19:24');
INSERT INTO fact_sales (sale_id, customer_id, product_id, quantity, total_amount, sale_date) VALUES (74, 461, 13, 4, 1999.96, '2026-02-03 20:08:24');
INSERT INTO fact_sales (sale_id, customer_id, product_id, quantity, total_amount, sale_date) VALUES (75, 209, 10, 3, 59.97, '2026-04-22 06:55:24');
INSERT INTO fact_sales (sale_id, customer_id, product_id, quantity, total_amount, sale_date) VALUES (76, 222, 10, 1, 19.99, '2026-07-17 02:28:24');
INSERT INTO fact_sales (sale_id, customer_id, product_id, quantity, total_amount, sale_date) VALUES (77, 194, 15, 5, 449.95, '2026-04-08 21:19:24');
INSERT INTO fact_sales (sale_id, customer_id, product_id, quantity, total_amount, sale_date) VALUES (78, 38, 12, 2, 79.98, '2025-10-22 01:17:24');
INSERT INTO fact_sales (sale_id, customer_id, product_id, quantity, total_amount, sale_date) VALUES (79, 256, 14, 4, 51.96, '2025-08-30 04:50:24');
INSERT INTO fact_sales (sale_id, customer_id, product_id, quantity, total_amount, sale_date) VALUES (80, 291, 3, 4, 439.96, '2026-03-08 19:56:24');
INSERT INTO fact_sales (sale_id, customer_id, product_id, quantity, total_amount, sale_date) VALUES (81, 395, 10, 2, 39.98, '2026-02-01 22:02:24');
INSERT INTO fact_sales (sale_id, customer_id, product_id, quantity, total_amount, sale_date) VALUES (82, 345, 13, 3, 1499.97, '2025-11-08 22:10:24');
INSERT INTO fact_sales (sale_id, customer_id, product_id, quantity, total_amount, sale_date) VALUES (83, 349, 3, 1, 109.99, '2026-06-01 08:43:24');
INSERT INTO fact_sales (sale_id, customer_id, product_id, quantity, total_amount, sale_date) VALUES (84, 464, 15, 2, 179.98, '2025-11-26 01:39:24');
INSERT INTO fact_sales (sale_id, customer_id, product_id, quantity, total_amount, sale_date) VALUES (85, 163, 13, 5, 2499.95, '2025-08-01 09:47:24');
INSERT INTO fact_sales (sale_id, customer_id, product_id, quantity, total_amount, sale_date) VALUES (86, 450, 14, 1, 12.99, '2026-07-08 10:52:24');
INSERT INTO fact_sales (sale_id, customer_id, product_id, quantity, total_amount, sale_date) VALUES (87, 282, 11, 5, 349.95, '2026-05-04 13:42:24');
INSERT INTO fact_sales (sale_id, customer_id, product_id, quantity, total_amount, sale_date) VALUES (88, 52, 6, 2, 1199.98, '2026-05-14 16:28:24');
INSERT INTO fact_sales (sale_id, customer_id, product_id, quantity, total_amount, sale_date) VALUES (89, 216, 10, 1, 19.99, '2026-04-21 03:02:24');
INSERT INTO fact_sales (sale_id, customer_id, product_id, quantity, total_amount, sale_date) VALUES (90, 219, 7, 5, 74.95, '2026-06-02 12:15:24');
INSERT INTO fact_sales (sale_id, customer_id, product_id, quantity, total_amount, sale_date) VALUES (91, 322, 1, 5, 6499.95, '2025-10-05 16:57:24');
INSERT INTO fact_sales (sale_id, customer_id, product_id, quantity, total_amount, sale_date) VALUES (92, 331, 1, 2, 2599.98, '2026-06-24 15:17:24');
INSERT INTO fact_sales (sale_id, customer_id, product_id, quantity, total_amount, sale_date) VALUES (93, 20, 15, 1, 89.99, '2026-05-06 08:21:24');
INSERT INTO fact_sales (sale_id, customer_id, product_id, quantity, total_amount, sale_date) VALUES (94, 392, 14, 2, 25.98, '2026-07-07 13:24:24');
INSERT INTO fact_sales (sale_id, customer_id, product_id, quantity, total_amount, sale_date) VALUES (95, 317, 13, 1, 499.99, '2025-12-11 17:54:24');
INSERT INTO fact_sales (sale_id, customer_id, product_id, quantity, total_amount, sale_date) VALUES (96, 116, 1, 1, 1299.99, '2025-10-16 15:29:24');
INSERT INTO fact_sales (sale_id, customer_id, product_id, quantity, total_amount, sale_date) VALUES (97, 438, 10, 3, 59.97, '2026-04-11 17:39:24');
INSERT INTO fact_sales (sale_id, customer_id, product_id, quantity, total_amount, sale_date) VALUES (98, 337, 9, 3, 149.97, '2025-07-24 09:54:24');
INSERT INTO fact_sales (sale_id, customer_id, product_id, quantity, total_amount, sale_date) VALUES (99, 32, 5, 1, 249.99, '2025-11-06 15:20:24');
INSERT INTO fact_sales (sale_id, customer_id, product_id, quantity, total_amount, sale_date) VALUES (100, 253, 13, 4, 1999.96, '2025-10-25 11:06:24');
INSERT INTO fact_sales (sale_id, customer_id, product_id, quantity, total_amount, sale_date) VALUES (101, 33, 10, 3, 59.97, '2026-04-20 00:24:24');
INSERT INTO fact_sales (sale_id, customer_id, product_id, quantity, total_amount, sale_date) VALUES (102, 62, 6, 4, 2399.96, '2025-09-10 09:56:24');
INSERT INTO fact_sales (sale_id, customer_id, product_id, quantity, total_amount, sale_date) VALUES (103, 488, 1, 3, 3899.97, '2025-09-15 01:42:24');
INSERT INTO fact_sales (sale_id, customer_id, product_id, quantity, total_amount, sale_date) VALUES (104, 251, 15, 3, 269.97, '2025-10-08 23:48:24');
INSERT INTO fact_sales (sale_id, customer_id, product_id, quantity, total_amount, sale_date) VALUES (105, 48, 14, 5, 64.95, '2026-06-05 15:34:24');
INSERT INTO fact_sales (sale_id, customer_id, product_id, quantity, total_amount, sale_date) VALUES (106, 366, 11, 3, 209.97, '2026-04-01 09:17:24');
INSERT INTO fact_sales (sale_id, customer_id, product_id, quantity, total_amount, sale_date) VALUES (107, 418, 4, 3, 1049.97, '2026-03-02 06:50:24');
INSERT INTO fact_sales (sale_id, customer_id, product_id, quantity, total_amount, sale_date) VALUES (108, 180, 7, 4, 59.96, '2026-06-17 21:56:24');
INSERT INTO fact_sales (sale_id, customer_id, product_id, quantity, total_amount, sale_date) VALUES (109, 86, 10, 1, 19.99, '2026-07-02 00:48:24');
INSERT INTO fact_sales (sale_id, customer_id, product_id, quantity, total_amount, sale_date) VALUES (110, 394, 8, 2, 399.98, '2026-06-05 13:07:24');
INSERT INTO fact_sales (sale_id, customer_id, product_id, quantity, total_amount, sale_date) VALUES (111, 253, 15, 1, 89.99, '2025-09-26 06:13:24');
INSERT INTO fact_sales (sale_id, customer_id, product_id, quantity, total_amount, sale_date) VALUES (112, 202, 9, 1, 49.99, '2026-06-21 17:03:24');
INSERT INTO fact_sales (sale_id, customer_id, product_id, quantity, total_amount, sale_date) VALUES (113, 144, 3, 5, 549.95, '2026-04-10 08:06:24');
INSERT INTO fact_sales (sale_id, customer_id, product_id, quantity, total_amount, sale_date) VALUES (114, 149, 10, 5, 99.95, '2025-09-20 14:42:24');
INSERT INTO fact_sales (sale_id, customer_id, product_id, quantity, total_amount, sale_date) VALUES (115, 29, 2, 1, 59.99, '2025-12-08 19:29:24');
INSERT INTO fact_sales (sale_id, customer_id, product_id, quantity, total_amount, sale_date) VALUES (116, 329, 1, 3, 3899.97, '2025-09-08 23:28:24');
INSERT INTO fact_sales (sale_id, customer_id, product_id, quantity, total_amount, sale_date) VALUES (117, 72, 2, 3, 179.97, '2026-01-30 04:39:24');
INSERT INTO fact_sales (sale_id, customer_id, product_id, quantity, total_amount, sale_date) VALUES (118, 196, 6, 3, 1799.97, '2025-12-31 21:00:24');
INSERT INTO fact_sales (sale_id, customer_id, product_id, quantity, total_amount, sale_date) VALUES (119, 332, 3, 2, 219.98, '2026-02-24 19:05:24');
INSERT INTO fact_sales (sale_id, customer_id, product_id, quantity, total_amount, sale_date) VALUES (120, 346, 11, 2, 139.98, '2026-04-05 10:55:24');
INSERT INTO fact_sales (sale_id, customer_id, product_id, quantity, total_amount, sale_date) VALUES (121, 80, 11, 1, 69.99, '2026-03-26 02:34:24');
INSERT INTO fact_sales (sale_id, customer_id, product_id, quantity, total_amount, sale_date) VALUES (122, 140, 11, 1, 69.99, '2025-08-11 06:41:24');
INSERT INTO fact_sales (sale_id, customer_id, product_id, quantity, total_amount, sale_date) VALUES (123, 224, 11, 4, 279.96, '2026-04-30 00:35:24');
INSERT INTO fact_sales (sale_id, customer_id, product_id, quantity, total_amount, sale_date) VALUES (124, 119, 3, 5, 549.95, '2026-02-17 15:54:24');
INSERT INTO fact_sales (sale_id, customer_id, product_id, quantity, total_amount, sale_date) VALUES (125, 248, 4, 4, 1399.96, '2025-07-18 14:23:24');
INSERT INTO fact_sales (sale_id, customer_id, product_id, quantity, total_amount, sale_date) VALUES (126, 148, 7, 1, 14.99, '2026-07-11 16:48:24');
INSERT INTO fact_sales (sale_id, customer_id, product_id, quantity, total_amount, sale_date) VALUES (127, 19, 12, 4, 159.96, '2025-12-25 04:43:24');
INSERT INTO fact_sales (sale_id, customer_id, product_id, quantity, total_amount, sale_date) VALUES (128, 378, 9, 2, 99.98, '2025-08-31 05:47:24');
INSERT INTO fact_sales (sale_id, customer_id, product_id, quantity, total_amount, sale_date) VALUES (129, 38, 12, 1, 39.99, '2026-07-04 12:54:24');
INSERT INTO fact_sales (sale_id, customer_id, product_id, quantity, total_amount, sale_date) VALUES (130, 242, 13, 1, 499.99, '2026-05-30 08:19:24');
INSERT INTO fact_sales (sale_id, customer_id, product_id, quantity, total_amount, sale_date) VALUES (131, 355, 9, 3, 149.97, '2025-09-16 08:05:24');
INSERT INTO fact_sales (sale_id, customer_id, product_id, quantity, total_amount, sale_date) VALUES (132, 46, 5, 4, 999.96, '2025-12-28 05:50:24');
INSERT INTO fact_sales (sale_id, customer_id, product_id, quantity, total_amount, sale_date) VALUES (133, 451, 6, 3, 1799.97, '2026-07-08 00:52:24');
INSERT INTO fact_sales (sale_id, customer_id, product_id, quantity, total_amount, sale_date) VALUES (134, 293, 13, 5, 2499.95, '2025-12-25 16:57:24');
INSERT INTO fact_sales (sale_id, customer_id, product_id, quantity, total_amount, sale_date) VALUES (135, 438, 11, 3, 209.97, '2025-08-05 21:04:24');
INSERT INTO fact_sales (sale_id, customer_id, product_id, quantity, total_amount, sale_date) VALUES (136, 417, 15, 4, 359.96, '2025-08-07 03:08:24');
INSERT INTO fact_sales (sale_id, customer_id, product_id, quantity, total_amount, sale_date) VALUES (137, 328, 2, 3, 179.97, '2025-07-19 03:47:24');
INSERT INTO fact_sales (sale_id, customer_id, product_id, quantity, total_amount, sale_date) VALUES (138, 333, 1, 2, 2599.98, '2025-08-04 11:07:24');
INSERT INTO fact_sales (sale_id, customer_id, product_id, quantity, total_amount, sale_date) VALUES (139, 85, 2, 2, 119.98, '2026-05-13 21:01:24');
INSERT INTO fact_sales (sale_id, customer_id, product_id, quantity, total_amount, sale_date) VALUES (140, 166, 10, 2, 39.98, '2026-02-15 11:44:24');
INSERT INTO fact_sales (sale_id, customer_id, product_id, quantity, total_amount, sale_date) VALUES (141, 73, 1, 5, 6499.95, '2025-09-25 06:10:24');
INSERT INTO fact_sales (sale_id, customer_id, product_id, quantity, total_amount, sale_date) VALUES (142, 173, 13, 1, 499.99, '2026-01-12 08:12:24');
INSERT INTO fact_sales (sale_id, customer_id, product_id, quantity, total_amount, sale_date) VALUES (143, 330, 5, 4, 999.96, '2025-12-05 04:21:24');
INSERT INTO fact_sales (sale_id, customer_id, product_id, quantity, total_amount, sale_date) VALUES (144, 338, 8, 3, 599.97, '2026-06-27 06:48:24');
INSERT INTO fact_sales (sale_id, customer_id, product_id, quantity, total_amount, sale_date) VALUES (145, 389, 7, 1, 14.99, '2025-11-25 14:53:24');
INSERT INTO fact_sales (sale_id, customer_id, product_id, quantity, total_amount, sale_date) VALUES (146, 156, 14, 4, 51.96, '2026-01-11 08:04:24');
INSERT INTO fact_sales (sale_id, customer_id, product_id, quantity, total_amount, sale_date) VALUES (147, 468, 15, 1, 89.99, '2025-11-05 06:31:24');
INSERT INTO fact_sales (sale_id, customer_id, product_id, quantity, total_amount, sale_date) VALUES (148, 248, 8, 4, 799.96, '2025-10-08 03:07:24');
INSERT INTO fact_sales (sale_id, customer_id, product_id, quantity, total_amount, sale_date) VALUES (149, 435, 4, 2, 699.98, '2026-05-16 19:10:24');
INSERT INTO fact_sales (sale_id, customer_id, product_id, quantity, total_amount, sale_date) VALUES (150, 45, 15, 4, 359.96, '2026-01-18 18:15:24');
INSERT INTO fact_sales (sale_id, customer_id, product_id, quantity, total_amount, sale_date) VALUES (151, 315, 3, 3, 329.97, '2026-05-17 02:36:24');
INSERT INTO fact_sales (sale_id, customer_id, product_id, quantity, total_amount, sale_date) VALUES (152, 244, 10, 2, 39.98, '2026-04-05 04:49:24');
INSERT INTO fact_sales (sale_id, customer_id, product_id, quantity, total_amount, sale_date) VALUES (153, 345, 4, 4, 1399.96, '2026-05-09 03:48:24');
INSERT INTO fact_sales (sale_id, customer_id, product_id, quantity, total_amount, sale_date) VALUES (154, 84, 14, 2, 25.98, '2026-05-08 22:31:24');
INSERT INTO fact_sales (sale_id, customer_id, product_id, quantity, total_amount, sale_date) VALUES (155, 342, 15, 4, 359.96, '2026-03-18 12:17:24');
INSERT INTO fact_sales (sale_id, customer_id, product_id, quantity, total_amount, sale_date) VALUES (156, 315, 3, 3, 329.97, '2026-07-10 00:18:24');
INSERT INTO fact_sales (sale_id, customer_id, product_id, quantity, total_amount, sale_date) VALUES (157, 307, 10, 2, 39.98, '2025-11-11 10:27:24');
INSERT INTO fact_sales (sale_id, customer_id, product_id, quantity, total_amount, sale_date) VALUES (158, 184, 13, 3, 1499.97, '2025-08-23 12:44:24');
INSERT INTO fact_sales (sale_id, customer_id, product_id, quantity, total_amount, sale_date) VALUES (159, 152, 10, 1, 19.99, '2025-11-15 10:06:24');
INSERT INTO fact_sales (sale_id, customer_id, product_id, quantity, total_amount, sale_date) VALUES (160, 346, 15, 3, 269.97, '2026-07-18 13:44:24');
INSERT INTO fact_sales (sale_id, customer_id, product_id, quantity, total_amount, sale_date) VALUES (161, 246, 13, 3, 1499.97, '2026-05-19 11:41:24');
INSERT INTO fact_sales (sale_id, customer_id, product_id, quantity, total_amount, sale_date) VALUES (162, 207, 5, 1, 249.99, '2025-10-06 03:42:24');
INSERT INTO fact_sales (sale_id, customer_id, product_id, quantity, total_amount, sale_date) VALUES (163, 188, 11, 1, 69.99, '2026-03-16 10:15:24');
INSERT INTO fact_sales (sale_id, customer_id, product_id, quantity, total_amount, sale_date) VALUES (164, 434, 15, 5, 449.95, '2026-04-06 20:06:24');
INSERT INTO fact_sales (sale_id, customer_id, product_id, quantity, total_amount, sale_date) VALUES (165, 103, 13, 1, 499.99, '2026-03-15 23:03:24');
INSERT INTO fact_sales (sale_id, customer_id, product_id, quantity, total_amount, sale_date) VALUES (166, 218, 13, 2, 999.98, '2026-01-06 22:25:24');
INSERT INTO fact_sales (sale_id, customer_id, product_id, quantity, total_amount, sale_date) VALUES (167, 138, 4, 1, 349.99, '2025-09-10 09:12:24');
INSERT INTO fact_sales (sale_id, customer_id, product_id, quantity, total_amount, sale_date) VALUES (168, 406, 5, 3, 749.97, '2026-07-06 08:39:24');
INSERT INTO fact_sales (sale_id, customer_id, product_id, quantity, total_amount, sale_date) VALUES (169, 246, 8, 4, 799.96, '2025-09-09 16:54:24');
INSERT INTO fact_sales (sale_id, customer_id, product_id, quantity, total_amount, sale_date) VALUES (170, 71, 4, 1, 349.99, '2025-08-17 02:46:24');
INSERT INTO fact_sales (sale_id, customer_id, product_id, quantity, total_amount, sale_date) VALUES (171, 356, 2, 3, 179.97, '2025-12-14 11:01:24');
INSERT INTO fact_sales (sale_id, customer_id, product_id, quantity, total_amount, sale_date) VALUES (172, 188, 15, 5, 449.95, '2026-04-27 04:21:24');
INSERT INTO fact_sales (sale_id, customer_id, product_id, quantity, total_amount, sale_date) VALUES (173, 188, 12, 1, 39.99, '2025-12-16 10:24:24');
INSERT INTO fact_sales (sale_id, customer_id, product_id, quantity, total_amount, sale_date) VALUES (174, 61, 12, 2, 79.98, '2025-08-17 05:49:24');
INSERT INTO fact_sales (sale_id, customer_id, product_id, quantity, total_amount, sale_date) VALUES (175, 389, 3, 5, 549.95, '2025-09-07 14:56:24');
INSERT INTO fact_sales (sale_id, customer_id, product_id, quantity, total_amount, sale_date) VALUES (176, 221, 1, 3, 3899.97, '2026-06-12 08:00:24');
INSERT INTO fact_sales (sale_id, customer_id, product_id, quantity, total_amount, sale_date) VALUES (177, 134, 5, 4, 999.96, '2026-07-14 20:36:24');
INSERT INTO fact_sales (sale_id, customer_id, product_id, quantity, total_amount, sale_date) VALUES (178, 304, 11, 4, 279.96, '2026-02-14 22:14:24');
INSERT INTO fact_sales (sale_id, customer_id, product_id, quantity, total_amount, sale_date) VALUES (179, 44, 9, 2, 99.98, '2026-04-07 11:49:24');
INSERT INTO fact_sales (sale_id, customer_id, product_id, quantity, total_amount, sale_date) VALUES (180, 440, 14, 4, 51.96, '2025-08-17 17:59:24');
INSERT INTO fact_sales (sale_id, customer_id, product_id, quantity, total_amount, sale_date) VALUES (181, 229, 4, 2, 699.98, '2025-08-03 15:12:24');
INSERT INTO fact_sales (sale_id, customer_id, product_id, quantity, total_amount, sale_date) VALUES (182, 228, 3, 3, 329.97, '2026-06-25 00:33:24');
INSERT INTO fact_sales (sale_id, customer_id, product_id, quantity, total_amount, sale_date) VALUES (183, 249, 8, 2, 399.98, '2025-07-27 02:01:24');
INSERT INTO fact_sales (sale_id, customer_id, product_id, quantity, total_amount, sale_date) VALUES (184, 112, 12, 2, 79.98, '2026-04-30 16:38:24');
INSERT INTO fact_sales (sale_id, customer_id, product_id, quantity, total_amount, sale_date) VALUES (185, 394, 15, 2, 179.98, '2025-08-22 06:04:24');
INSERT INTO fact_sales (sale_id, customer_id, product_id, quantity, total_amount, sale_date) VALUES (186, 302, 5, 5, 1249.95, '2026-01-17 09:17:24');
INSERT INTO fact_sales (sale_id, customer_id, product_id, quantity, total_amount, sale_date) VALUES (187, 418, 15, 3, 269.97, '2026-03-03 09:25:24');
INSERT INTO fact_sales (sale_id, customer_id, product_id, quantity, total_amount, sale_date) VALUES (188, 42, 10, 1, 19.99, '2025-08-11 13:28:24');
INSERT INTO fact_sales (sale_id, customer_id, product_id, quantity, total_amount, sale_date) VALUES (189, 220, 4, 3, 1049.97, '2026-02-09 12:39:24');
INSERT INTO fact_sales (sale_id, customer_id, product_id, quantity, total_amount, sale_date) VALUES (190, 392, 11, 1, 69.99, '2025-12-10 01:19:24');
INSERT INTO fact_sales (sale_id, customer_id, product_id, quantity, total_amount, sale_date) VALUES (191, 144, 6, 5, 2999.95, '2026-05-21 13:25:24');
INSERT INTO fact_sales (sale_id, customer_id, product_id, quantity, total_amount, sale_date) VALUES (192, 4, 2, 5, 299.95, '2025-12-26 00:25:24');
INSERT INTO fact_sales (sale_id, customer_id, product_id, quantity, total_amount, sale_date) VALUES (193, 282, 10, 4, 79.96, '2026-04-17 03:31:24');
INSERT INTO fact_sales (sale_id, customer_id, product_id, quantity, total_amount, sale_date) VALUES (194, 492, 1, 5, 6499.95, '2026-02-19 11:03:24');
INSERT INTO fact_sales (sale_id, customer_id, product_id, quantity, total_amount, sale_date) VALUES (195, 171, 8, 5, 999.95, '2025-10-12 16:18:24');
INSERT INTO fact_sales (sale_id, customer_id, product_id, quantity, total_amount, sale_date) VALUES (196, 4, 9, 1, 49.99, '2026-06-02 10:23:24');
INSERT INTO fact_sales (sale_id, customer_id, product_id, quantity, total_amount, sale_date) VALUES (197, 351, 5, 1, 249.99, '2026-05-18 13:48:24');
INSERT INTO fact_sales (sale_id, customer_id, product_id, quantity, total_amount, sale_date) VALUES (198, 336, 14, 3, 38.97, '2025-09-26 02:42:24');
INSERT INTO fact_sales (sale_id, customer_id, product_id, quantity, total_amount, sale_date) VALUES (199, 500, 1, 5, 6499.95, '2026-02-11 22:53:24');
INSERT INTO fact_sales (sale_id, customer_id, product_id, quantity, total_amount, sale_date) VALUES (200, 13, 15, 5, 449.95, '2026-02-22 06:47:24');
INSERT INTO fact_sales (sale_id, customer_id, product_id, quantity, total_amount, sale_date) VALUES (201, 319, 15, 4, 359.96, '2026-01-06 04:16:24');
INSERT INTO fact_sales (sale_id, customer_id, product_id, quantity, total_amount, sale_date) VALUES (202, 297, 1, 3, 3899.97, '2025-10-21 22:09:24');
INSERT INTO fact_sales (sale_id, customer_id, product_id, quantity, total_amount, sale_date) VALUES (203, 120, 7, 2, 29.98, '2025-08-10 05:27:24');
INSERT INTO fact_sales (sale_id, customer_id, product_id, quantity, total_amount, sale_date) VALUES (204, 432, 10, 5, 99.95, '2026-01-19 13:57:24');
INSERT INTO fact_sales (sale_id, customer_id, product_id, quantity, total_amount, sale_date) VALUES (205, 427, 10, 5, 99.95, '2026-02-24 09:01:24');
INSERT INTO fact_sales (sale_id, customer_id, product_id, quantity, total_amount, sale_date) VALUES (206, 125, 9, 5, 249.95, '2025-08-22 18:49:24');
INSERT INTO fact_sales (sale_id, customer_id, product_id, quantity, total_amount, sale_date) VALUES (207, 375, 2, 4, 239.96, '2025-09-27 04:10:24');
INSERT INTO fact_sales (sale_id, customer_id, product_id, quantity, total_amount, sale_date) VALUES (208, 162, 6, 5, 2999.95, '2026-02-18 13:28:24');
INSERT INTO fact_sales (sale_id, customer_id, product_id, quantity, total_amount, sale_date) VALUES (209, 29, 9, 4, 199.96, '2026-04-27 14:06:24');
INSERT INTO fact_sales (sale_id, customer_id, product_id, quantity, total_amount, sale_date) VALUES (210, 95, 8, 4, 799.96, '2025-08-29 04:50:24');
INSERT INTO fact_sales (sale_id, customer_id, product_id, quantity, total_amount, sale_date) VALUES (211, 447, 5, 3, 749.97, '2026-06-26 05:00:24');
INSERT INTO fact_sales (sale_id, customer_id, product_id, quantity, total_amount, sale_date) VALUES (212, 367, 6, 2, 1199.98, '2025-12-24 20:43:24');
INSERT INTO fact_sales (sale_id, customer_id, product_id, quantity, total_amount, sale_date) VALUES (213, 58, 1, 5, 6499.95, '2026-05-28 17:42:24');
INSERT INTO fact_sales (sale_id, customer_id, product_id, quantity, total_amount, sale_date) VALUES (214, 257, 14, 3, 38.97, '2026-05-22 07:04:24');
INSERT INTO fact_sales (sale_id, customer_id, product_id, quantity, total_amount, sale_date) VALUES (215, 409, 11, 3, 209.97, '2025-09-07 16:29:24');
INSERT INTO fact_sales (sale_id, customer_id, product_id, quantity, total_amount, sale_date) VALUES (216, 430, 11, 2, 139.98, '2026-03-02 10:15:24');
INSERT INTO fact_sales (sale_id, customer_id, product_id, quantity, total_amount, sale_date) VALUES (217, 30, 14, 5, 64.95, '2026-01-03 04:34:24');
INSERT INTO fact_sales (sale_id, customer_id, product_id, quantity, total_amount, sale_date) VALUES (218, 435, 3, 5, 549.95, '2026-01-18 07:21:24');
INSERT INTO fact_sales (sale_id, customer_id, product_id, quantity, total_amount, sale_date) VALUES (219, 499, 3, 5, 549.95, '2026-07-13 10:42:24');
INSERT INTO fact_sales (sale_id, customer_id, product_id, quantity, total_amount, sale_date) VALUES (220, 311, 6, 1, 599.99, '2026-05-12 18:17:24');
INSERT INTO fact_sales (sale_id, customer_id, product_id, quantity, total_amount, sale_date) VALUES (221, 392, 3, 3, 329.97, '2026-07-18 01:09:24');
INSERT INTO fact_sales (sale_id, customer_id, product_id, quantity, total_amount, sale_date) VALUES (222, 87, 15, 4, 359.96, '2026-06-14 06:51:24');
INSERT INTO fact_sales (sale_id, customer_id, product_id, quantity, total_amount, sale_date) VALUES (223, 89, 13, 4, 1999.96, '2025-12-15 03:36:24');
INSERT INTO fact_sales (sale_id, customer_id, product_id, quantity, total_amount, sale_date) VALUES (224, 384, 13, 5, 2499.95, '2025-11-17 08:30:24');
INSERT INTO fact_sales (sale_id, customer_id, product_id, quantity, total_amount, sale_date) VALUES (225, 397, 3, 3, 329.97, '2026-06-04 14:53:24');
INSERT INTO fact_sales (sale_id, customer_id, product_id, quantity, total_amount, sale_date) VALUES (226, 365, 10, 5, 99.95, '2025-12-04 03:01:24');
INSERT INTO fact_sales (sale_id, customer_id, product_id, quantity, total_amount, sale_date) VALUES (227, 438, 14, 3, 38.97, '2025-10-10 20:42:24');
INSERT INTO fact_sales (sale_id, customer_id, product_id, quantity, total_amount, sale_date) VALUES (228, 423, 14, 5, 64.95, '2026-07-17 00:09:24');
INSERT INTO fact_sales (sale_id, customer_id, product_id, quantity, total_amount, sale_date) VALUES (229, 233, 11, 5, 349.95, '2025-11-13 09:10:24');
INSERT INTO fact_sales (sale_id, customer_id, product_id, quantity, total_amount, sale_date) VALUES (230, 5, 15, 4, 359.96, '2025-10-06 14:16:24');
INSERT INTO fact_sales (sale_id, customer_id, product_id, quantity, total_amount, sale_date) VALUES (231, 109, 12, 5, 199.95, '2025-07-25 12:52:24');
INSERT INTO fact_sales (sale_id, customer_id, product_id, quantity, total_amount, sale_date) VALUES (232, 449, 7, 4, 59.96, '2026-07-11 23:41:24');
INSERT INTO fact_sales (sale_id, customer_id, product_id, quantity, total_amount, sale_date) VALUES (233, 440, 6, 2, 1199.98, '2025-07-29 05:59:24');
INSERT INTO fact_sales (sale_id, customer_id, product_id, quantity, total_amount, sale_date) VALUES (234, 206, 4, 1, 349.99, '2025-07-25 13:45:24');
INSERT INTO fact_sales (sale_id, customer_id, product_id, quantity, total_amount, sale_date) VALUES (235, 440, 2, 4, 239.96, '2026-05-26 18:20:24');
INSERT INTO fact_sales (sale_id, customer_id, product_id, quantity, total_amount, sale_date) VALUES (236, 334, 3, 5, 549.95, '2025-09-28 21:14:24');
INSERT INTO fact_sales (sale_id, customer_id, product_id, quantity, total_amount, sale_date) VALUES (237, 122, 6, 2, 1199.98, '2025-11-05 04:16:24');
INSERT INTO fact_sales (sale_id, customer_id, product_id, quantity, total_amount, sale_date) VALUES (238, 197, 1, 1, 1299.99, '2025-09-02 12:13:24');
INSERT INTO fact_sales (sale_id, customer_id, product_id, quantity, total_amount, sale_date) VALUES (239, 337, 12, 3, 119.97, '2026-02-11 07:15:24');
INSERT INTO fact_sales (sale_id, customer_id, product_id, quantity, total_amount, sale_date) VALUES (240, 449, 7, 4, 59.96, '2026-03-08 13:16:24');
INSERT INTO fact_sales (sale_id, customer_id, product_id, quantity, total_amount, sale_date) VALUES (241, 237, 12, 1, 39.99, '2026-01-11 13:08:24');
INSERT INTO fact_sales (sale_id, customer_id, product_id, quantity, total_amount, sale_date) VALUES (242, 56, 1, 4, 5199.96, '2026-01-01 04:28:24');
INSERT INTO fact_sales (sale_id, customer_id, product_id, quantity, total_amount, sale_date) VALUES (243, 32, 15, 2, 179.98, '2026-05-16 11:15:24');
INSERT INTO fact_sales (sale_id, customer_id, product_id, quantity, total_amount, sale_date) VALUES (244, 183, 7, 1, 14.99, '2025-09-28 18:53:24');
INSERT INTO fact_sales (sale_id, customer_id, product_id, quantity, total_amount, sale_date) VALUES (245, 221, 11, 4, 279.96, '2026-02-09 19:50:24');
INSERT INTO fact_sales (sale_id, customer_id, product_id, quantity, total_amount, sale_date) VALUES (246, 162, 13, 1, 499.99, '2025-09-05 01:55:24');
INSERT INTO fact_sales (sale_id, customer_id, product_id, quantity, total_amount, sale_date) VALUES (247, 242, 10, 3, 59.97, '2026-05-16 09:38:24');
INSERT INTO fact_sales (sale_id, customer_id, product_id, quantity, total_amount, sale_date) VALUES (248, 391, 9, 5, 249.95, '2026-05-07 07:34:24');
INSERT INTO fact_sales (sale_id, customer_id, product_id, quantity, total_amount, sale_date) VALUES (249, 189, 13, 2, 999.98, '2025-09-17 23:19:24');
INSERT INTO fact_sales (sale_id, customer_id, product_id, quantity, total_amount, sale_date) VALUES (250, 220, 6, 4, 2399.96, '2025-11-18 10:52:24');
INSERT INTO fact_sales (sale_id, customer_id, product_id, quantity, total_amount, sale_date) VALUES (251, 263, 7, 3, 44.97, '2025-10-01 04:17:24');
INSERT INTO fact_sales (sale_id, customer_id, product_id, quantity, total_amount, sale_date) VALUES (252, 40, 11, 4, 279.96, '2026-03-24 15:54:24');
INSERT INTO fact_sales (sale_id, customer_id, product_id, quantity, total_amount, sale_date) VALUES (253, 5, 11, 5, 349.95, '2026-01-11 07:45:24');
INSERT INTO fact_sales (sale_id, customer_id, product_id, quantity, total_amount, sale_date) VALUES (254, 475, 14, 5, 64.95, '2025-09-21 21:25:24');
INSERT INTO fact_sales (sale_id, customer_id, product_id, quantity, total_amount, sale_date) VALUES (255, 421, 8, 3, 599.97, '2026-01-23 23:35:24');
INSERT INTO fact_sales (sale_id, customer_id, product_id, quantity, total_amount, sale_date) VALUES (256, 370, 4, 3, 1049.97, '2025-12-09 02:13:24');
INSERT INTO fact_sales (sale_id, customer_id, product_id, quantity, total_amount, sale_date) VALUES (257, 42, 3, 2, 219.98, '2025-10-16 19:21:24');
INSERT INTO fact_sales (sale_id, customer_id, product_id, quantity, total_amount, sale_date) VALUES (258, 62, 12, 1, 39.99, '2025-09-27 12:54:24');
INSERT INTO fact_sales (sale_id, customer_id, product_id, quantity, total_amount, sale_date) VALUES (259, 58, 1, 5, 6499.95, '2025-08-31 09:42:24');
INSERT INTO fact_sales (sale_id, customer_id, product_id, quantity, total_amount, sale_date) VALUES (260, 88, 13, 3, 1499.97, '2025-09-13 20:34:24');
INSERT INTO fact_sales (sale_id, customer_id, product_id, quantity, total_amount, sale_date) VALUES (261, 241, 2, 1, 59.99, '2026-02-10 17:55:24');
INSERT INTO fact_sales (sale_id, customer_id, product_id, quantity, total_amount, sale_date) VALUES (262, 57, 1, 2, 2599.98, '2025-08-10 01:18:24');
INSERT INTO fact_sales (sale_id, customer_id, product_id, quantity, total_amount, sale_date) VALUES (263, 300, 9, 3, 149.97, '2025-09-16 15:00:24');
INSERT INTO fact_sales (sale_id, customer_id, product_id, quantity, total_amount, sale_date) VALUES (264, 13, 7, 4, 59.96, '2026-04-15 17:06:24');
INSERT INTO fact_sales (sale_id, customer_id, product_id, quantity, total_amount, sale_date) VALUES (265, 406, 8, 2, 399.98, '2025-11-19 19:18:24');
INSERT INTO fact_sales (sale_id, customer_id, product_id, quantity, total_amount, sale_date) VALUES (266, 156, 11, 5, 349.95, '2026-04-24 18:12:24');
INSERT INTO fact_sales (sale_id, customer_id, product_id, quantity, total_amount, sale_date) VALUES (267, 431, 5, 4, 999.96, '2025-12-30 09:16:24');
INSERT INTO fact_sales (sale_id, customer_id, product_id, quantity, total_amount, sale_date) VALUES (268, 19, 15, 1, 89.99, '2026-06-12 07:52:24');
INSERT INTO fact_sales (sale_id, customer_id, product_id, quantity, total_amount, sale_date) VALUES (269, 227, 15, 5, 449.95, '2026-03-29 13:48:24');
INSERT INTO fact_sales (sale_id, customer_id, product_id, quantity, total_amount, sale_date) VALUES (270, 271, 4, 4, 1399.96, '2026-06-12 11:01:24');
INSERT INTO fact_sales (sale_id, customer_id, product_id, quantity, total_amount, sale_date) VALUES (271, 156, 14, 5, 64.95, '2025-11-08 21:30:24');
INSERT INTO fact_sales (sale_id, customer_id, product_id, quantity, total_amount, sale_date) VALUES (272, 45, 12, 3, 119.97, '2026-06-27 20:22:24');
INSERT INTO fact_sales (sale_id, customer_id, product_id, quantity, total_amount, sale_date) VALUES (273, 431, 7, 2, 29.98, '2026-02-26 13:18:24');
INSERT INTO fact_sales (sale_id, customer_id, product_id, quantity, total_amount, sale_date) VALUES (274, 232, 13, 3, 1499.97, '2025-10-18 14:39:24');
INSERT INTO fact_sales (sale_id, customer_id, product_id, quantity, total_amount, sale_date) VALUES (275, 328, 8, 4, 799.96, '2026-04-26 19:04:24');
INSERT INTO fact_sales (sale_id, customer_id, product_id, quantity, total_amount, sale_date) VALUES (276, 152, 11, 3, 209.97, '2025-09-15 11:51:24');
INSERT INTO fact_sales (sale_id, customer_id, product_id, quantity, total_amount, sale_date) VALUES (277, 33, 2, 3, 179.97, '2025-11-10 18:19:24');
INSERT INTO fact_sales (sale_id, customer_id, product_id, quantity, total_amount, sale_date) VALUES (278, 44, 15, 5, 449.95, '2025-07-19 18:38:24');
INSERT INTO fact_sales (sale_id, customer_id, product_id, quantity, total_amount, sale_date) VALUES (279, 327, 10, 3, 59.97, '2025-10-02 08:31:24');
INSERT INTO fact_sales (sale_id, customer_id, product_id, quantity, total_amount, sale_date) VALUES (280, 204, 13, 3, 1499.97, '2025-09-26 20:27:24');
INSERT INTO fact_sales (sale_id, customer_id, product_id, quantity, total_amount, sale_date) VALUES (281, 396, 1, 2, 2599.98, '2026-03-29 02:03:24');
INSERT INTO fact_sales (sale_id, customer_id, product_id, quantity, total_amount, sale_date) VALUES (282, 180, 9, 2, 99.98, '2025-11-03 23:45:24');
INSERT INTO fact_sales (sale_id, customer_id, product_id, quantity, total_amount, sale_date) VALUES (283, 181, 14, 4, 51.96, '2026-03-08 02:06:24');
INSERT INTO fact_sales (sale_id, customer_id, product_id, quantity, total_amount, sale_date) VALUES (284, 176, 14, 4, 51.96, '2026-01-03 09:01:24');
INSERT INTO fact_sales (sale_id, customer_id, product_id, quantity, total_amount, sale_date) VALUES (285, 128, 7, 1, 14.99, '2025-08-05 03:15:24');
INSERT INTO fact_sales (sale_id, customer_id, product_id, quantity, total_amount, sale_date) VALUES (286, 2, 7, 1, 14.99, '2026-02-09 22:55:24');
INSERT INTO fact_sales (sale_id, customer_id, product_id, quantity, total_amount, sale_date) VALUES (287, 381, 12, 5, 199.95, '2025-07-27 19:40:24');
INSERT INTO fact_sales (sale_id, customer_id, product_id, quantity, total_amount, sale_date) VALUES (288, 154, 14, 5, 64.95, '2026-06-22 21:48:24');
INSERT INTO fact_sales (sale_id, customer_id, product_id, quantity, total_amount, sale_date) VALUES (289, 286, 8, 2, 399.98, '2026-06-27 03:43:24');
INSERT INTO fact_sales (sale_id, customer_id, product_id, quantity, total_amount, sale_date) VALUES (290, 136, 2, 3, 179.97, '2025-08-23 03:06:24');
INSERT INTO fact_sales (sale_id, customer_id, product_id, quantity, total_amount, sale_date) VALUES (291, 80, 15, 1, 89.99, '2026-03-29 18:26:24');
INSERT INTO fact_sales (sale_id, customer_id, product_id, quantity, total_amount, sale_date) VALUES (292, 101, 10, 5, 99.95, '2026-06-16 09:56:24');
INSERT INTO fact_sales (sale_id, customer_id, product_id, quantity, total_amount, sale_date) VALUES (293, 367, 14, 5, 64.95, '2026-05-26 23:47:24');
INSERT INTO fact_sales (sale_id, customer_id, product_id, quantity, total_amount, sale_date) VALUES (294, 494, 12, 2, 79.98, '2025-09-26 10:42:24');
INSERT INTO fact_sales (sale_id, customer_id, product_id, quantity, total_amount, sale_date) VALUES (295, 159, 14, 2, 25.98, '2025-11-19 18:58:24');
INSERT INTO fact_sales (sale_id, customer_id, product_id, quantity, total_amount, sale_date) VALUES (296, 302, 5, 3, 749.97, '2026-01-19 09:54:24');
INSERT INTO fact_sales (sale_id, customer_id, product_id, quantity, total_amount, sale_date) VALUES (297, 206, 12, 1, 39.99, '2026-04-17 18:49:24');
INSERT INTO fact_sales (sale_id, customer_id, product_id, quantity, total_amount, sale_date) VALUES (298, 304, 8, 5, 999.95, '2026-05-19 11:24:24');
INSERT INTO fact_sales (sale_id, customer_id, product_id, quantity, total_amount, sale_date) VALUES (299, 299, 9, 4, 199.96, '2026-01-05 02:43:24');
INSERT INTO fact_sales (sale_id, customer_id, product_id, quantity, total_amount, sale_date) VALUES (300, 479, 8, 3, 599.97, '2026-01-13 13:53:24');
INSERT INTO fact_sales (sale_id, customer_id, product_id, quantity, total_amount, sale_date) VALUES (301, 374, 4, 1, 349.99, '2026-02-23 18:45:24');
INSERT INTO fact_sales (sale_id, customer_id, product_id, quantity, total_amount, sale_date) VALUES (302, 91, 1, 4, 5199.96, '2026-04-18 12:28:24');
INSERT INTO fact_sales (sale_id, customer_id, product_id, quantity, total_amount, sale_date) VALUES (303, 62, 8, 3, 599.97, '2025-12-01 17:04:24');
INSERT INTO fact_sales (sale_id, customer_id, product_id, quantity, total_amount, sale_date) VALUES (304, 36, 12, 4, 159.96, '2026-06-03 06:30:24');
INSERT INTO fact_sales (sale_id, customer_id, product_id, quantity, total_amount, sale_date) VALUES (305, 92, 8, 1, 199.99, '2026-07-17 10:18:24');
INSERT INTO fact_sales (sale_id, customer_id, product_id, quantity, total_amount, sale_date) VALUES (306, 404, 4, 2, 699.98, '2025-10-15 03:44:24');
INSERT INTO fact_sales (sale_id, customer_id, product_id, quantity, total_amount, sale_date) VALUES (307, 7, 13, 2, 999.98, '2026-03-02 02:09:24');
INSERT INTO fact_sales (sale_id, customer_id, product_id, quantity, total_amount, sale_date) VALUES (308, 174, 5, 1, 249.99, '2025-08-30 14:14:24');
INSERT INTO fact_sales (sale_id, customer_id, product_id, quantity, total_amount, sale_date) VALUES (309, 322, 1, 4, 5199.96, '2025-11-04 00:14:24');
INSERT INTO fact_sales (sale_id, customer_id, product_id, quantity, total_amount, sale_date) VALUES (310, 241, 2, 1, 59.99, '2025-09-04 15:52:24');
INSERT INTO fact_sales (sale_id, customer_id, product_id, quantity, total_amount, sale_date) VALUES (311, 107, 5, 2, 499.98, '2026-07-18 16:24:24');
INSERT INTO fact_sales (sale_id, customer_id, product_id, quantity, total_amount, sale_date) VALUES (312, 162, 13, 4, 1999.96, '2026-06-07 12:34:24');
INSERT INTO fact_sales (sale_id, customer_id, product_id, quantity, total_amount, sale_date) VALUES (313, 13, 2, 4, 239.96, '2025-12-12 01:07:24');
INSERT INTO fact_sales (sale_id, customer_id, product_id, quantity, total_amount, sale_date) VALUES (314, 10, 5, 3, 749.97, '2026-05-12 06:53:24');
INSERT INTO fact_sales (sale_id, customer_id, product_id, quantity, total_amount, sale_date) VALUES (315, 332, 8, 1, 199.99, '2025-12-19 02:30:24');
INSERT INTO fact_sales (sale_id, customer_id, product_id, quantity, total_amount, sale_date) VALUES (316, 287, 10, 4, 79.96, '2026-04-02 02:51:24');
INSERT INTO fact_sales (sale_id, customer_id, product_id, quantity, total_amount, sale_date) VALUES (317, 173, 13, 4, 1999.96, '2026-05-01 14:23:24');
INSERT INTO fact_sales (sale_id, customer_id, product_id, quantity, total_amount, sale_date) VALUES (318, 274, 12, 5, 199.95, '2026-04-17 02:56:24');
INSERT INTO fact_sales (sale_id, customer_id, product_id, quantity, total_amount, sale_date) VALUES (319, 40, 2, 1, 59.99, '2026-07-16 00:35:24');
INSERT INTO fact_sales (sale_id, customer_id, product_id, quantity, total_amount, sale_date) VALUES (320, 413, 5, 5, 1249.95, '2026-02-11 10:12:24');
INSERT INTO fact_sales (sale_id, customer_id, product_id, quantity, total_amount, sale_date) VALUES (321, 143, 9, 3, 149.97, '2025-09-07 23:01:24');
INSERT INTO fact_sales (sale_id, customer_id, product_id, quantity, total_amount, sale_date) VALUES (322, 256, 7, 2, 29.98, '2025-08-10 11:08:24');
INSERT INTO fact_sales (sale_id, customer_id, product_id, quantity, total_amount, sale_date) VALUES (323, 450, 9, 1, 49.99, '2026-01-17 08:31:24');
INSERT INTO fact_sales (sale_id, customer_id, product_id, quantity, total_amount, sale_date) VALUES (324, 393, 11, 2, 139.98, '2026-01-09 23:59:24');
INSERT INTO fact_sales (sale_id, customer_id, product_id, quantity, total_amount, sale_date) VALUES (325, 317, 3, 4, 439.96, '2026-06-27 09:04:24');
INSERT INTO fact_sales (sale_id, customer_id, product_id, quantity, total_amount, sale_date) VALUES (326, 368, 14, 4, 51.96, '2025-07-22 23:28:24');
INSERT INTO fact_sales (sale_id, customer_id, product_id, quantity, total_amount, sale_date) VALUES (327, 299, 8, 2, 399.98, '2026-03-19 20:32:24');
INSERT INTO fact_sales (sale_id, customer_id, product_id, quantity, total_amount, sale_date) VALUES (328, 242, 9, 3, 149.97, '2025-09-02 01:52:24');
INSERT INTO fact_sales (sale_id, customer_id, product_id, quantity, total_amount, sale_date) VALUES (329, 182, 4, 5, 1749.95, '2025-08-21 09:58:24');
INSERT INTO fact_sales (sale_id, customer_id, product_id, quantity, total_amount, sale_date) VALUES (330, 238, 1, 5, 6499.95, '2026-04-25 02:47:24');
INSERT INTO fact_sales (sale_id, customer_id, product_id, quantity, total_amount, sale_date) VALUES (331, 2, 11, 2, 139.98, '2025-08-22 05:30:24');
INSERT INTO fact_sales (sale_id, customer_id, product_id, quantity, total_amount, sale_date) VALUES (332, 418, 15, 4, 359.96, '2026-02-05 15:40:24');
INSERT INTO fact_sales (sale_id, customer_id, product_id, quantity, total_amount, sale_date) VALUES (333, 446, 3, 1, 109.99, '2025-12-11 21:32:24');
INSERT INTO fact_sales (sale_id, customer_id, product_id, quantity, total_amount, sale_date) VALUES (334, 19, 2, 4, 239.96, '2026-07-15 19:19:24');
INSERT INTO fact_sales (sale_id, customer_id, product_id, quantity, total_amount, sale_date) VALUES (335, 379, 12, 5, 199.95, '2025-09-20 16:08:24');
INSERT INTO fact_sales (sale_id, customer_id, product_id, quantity, total_amount, sale_date) VALUES (336, 126, 3, 4, 439.96, '2025-11-25 02:18:24');
INSERT INTO fact_sales (sale_id, customer_id, product_id, quantity, total_amount, sale_date) VALUES (337, 196, 2, 4, 239.96, '2025-09-13 23:18:24');
INSERT INTO fact_sales (sale_id, customer_id, product_id, quantity, total_amount, sale_date) VALUES (338, 468, 15, 4, 359.96, '2025-07-18 08:55:24');
INSERT INTO fact_sales (sale_id, customer_id, product_id, quantity, total_amount, sale_date) VALUES (339, 409, 4, 5, 1749.95, '2025-09-20 21:37:24');
INSERT INTO fact_sales (sale_id, customer_id, product_id, quantity, total_amount, sale_date) VALUES (340, 118, 14, 2, 25.98, '2026-01-12 19:43:24');
INSERT INTO fact_sales (sale_id, customer_id, product_id, quantity, total_amount, sale_date) VALUES (341, 103, 3, 4, 439.96, '2026-07-10 14:17:24');
INSERT INTO fact_sales (sale_id, customer_id, product_id, quantity, total_amount, sale_date) VALUES (342, 27, 5, 2, 499.98, '2025-09-30 11:09:24');
INSERT INTO fact_sales (sale_id, customer_id, product_id, quantity, total_amount, sale_date) VALUES (343, 397, 13, 5, 2499.95, '2026-01-10 15:40:24');
INSERT INTO fact_sales (sale_id, customer_id, product_id, quantity, total_amount, sale_date) VALUES (344, 52, 8, 2, 399.98, '2026-06-03 19:58:24');
INSERT INTO fact_sales (sale_id, customer_id, product_id, quantity, total_amount, sale_date) VALUES (345, 399, 12, 5, 199.95, '2026-03-12 16:27:24');
INSERT INTO fact_sales (sale_id, customer_id, product_id, quantity, total_amount, sale_date) VALUES (346, 460, 6, 1, 599.99, '2026-04-19 18:59:24');
INSERT INTO fact_sales (sale_id, customer_id, product_id, quantity, total_amount, sale_date) VALUES (347, 369, 13, 5, 2499.95, '2025-12-18 05:30:24');
INSERT INTO fact_sales (sale_id, customer_id, product_id, quantity, total_amount, sale_date) VALUES (348, 296, 8, 3, 599.97, '2025-10-07 01:41:24');
INSERT INTO fact_sales (sale_id, customer_id, product_id, quantity, total_amount, sale_date) VALUES (349, 287, 5, 5, 1249.95, '2025-10-03 02:18:24');
INSERT INTO fact_sales (sale_id, customer_id, product_id, quantity, total_amount, sale_date) VALUES (350, 263, 6, 3, 1799.97, '2026-04-16 04:11:24');
INSERT INTO fact_sales (sale_id, customer_id, product_id, quantity, total_amount, sale_date) VALUES (351, 206, 7, 3, 44.97, '2026-03-07 00:18:24');
INSERT INTO fact_sales (sale_id, customer_id, product_id, quantity, total_amount, sale_date) VALUES (352, 333, 15, 2, 179.98, '2025-08-31 12:22:24');
INSERT INTO fact_sales (sale_id, customer_id, product_id, quantity, total_amount, sale_date) VALUES (353, 244, 5, 4, 999.96, '2026-05-13 19:09:24');
INSERT INTO fact_sales (sale_id, customer_id, product_id, quantity, total_amount, sale_date) VALUES (354, 18, 11, 5, 349.95, '2026-02-07 21:38:24');
INSERT INTO fact_sales (sale_id, customer_id, product_id, quantity, total_amount, sale_date) VALUES (355, 442, 11, 1, 69.99, '2026-05-13 16:50:24');
INSERT INTO fact_sales (sale_id, customer_id, product_id, quantity, total_amount, sale_date) VALUES (356, 435, 6, 3, 1799.97, '2025-07-22 17:02:24');
INSERT INTO fact_sales (sale_id, customer_id, product_id, quantity, total_amount, sale_date) VALUES (357, 57, 4, 3, 1049.97, '2026-04-03 10:47:24');
INSERT INTO fact_sales (sale_id, customer_id, product_id, quantity, total_amount, sale_date) VALUES (358, 39, 11, 4, 279.96, '2026-02-20 18:06:24');
INSERT INTO fact_sales (sale_id, customer_id, product_id, quantity, total_amount, sale_date) VALUES (359, 366, 5, 3, 749.97, '2026-06-06 19:39:24');
INSERT INTO fact_sales (sale_id, customer_id, product_id, quantity, total_amount, sale_date) VALUES (360, 241, 4, 3, 1049.97, '2026-06-23 12:23:24');
INSERT INTO fact_sales (sale_id, customer_id, product_id, quantity, total_amount, sale_date) VALUES (361, 21, 4, 4, 1399.96, '2025-11-10 04:17:24');
INSERT INTO fact_sales (sale_id, customer_id, product_id, quantity, total_amount, sale_date) VALUES (362, 369, 4, 3, 1049.97, '2026-04-21 23:02:24');
INSERT INTO fact_sales (sale_id, customer_id, product_id, quantity, total_amount, sale_date) VALUES (363, 194, 10, 5, 99.95, '2026-01-07 03:22:24');
INSERT INTO fact_sales (sale_id, customer_id, product_id, quantity, total_amount, sale_date) VALUES (364, 160, 1, 4, 5199.96, '2026-02-21 09:19:24');
INSERT INTO fact_sales (sale_id, customer_id, product_id, quantity, total_amount, sale_date) VALUES (365, 408, 9, 3, 149.97, '2026-05-25 06:13:24');
INSERT INTO fact_sales (sale_id, customer_id, product_id, quantity, total_amount, sale_date) VALUES (366, 226, 3, 4, 439.96, '2025-10-27 16:37:24');
INSERT INTO fact_sales (sale_id, customer_id, product_id, quantity, total_amount, sale_date) VALUES (367, 436, 10, 1, 19.99, '2026-02-06 04:24:24');
INSERT INTO fact_sales (sale_id, customer_id, product_id, quantity, total_amount, sale_date) VALUES (368, 41, 9, 1, 49.99, '2026-03-29 20:21:24');
INSERT INTO fact_sales (sale_id, customer_id, product_id, quantity, total_amount, sale_date) VALUES (369, 297, 9, 2, 99.98, '2025-10-20 02:02:24');
INSERT INTO fact_sales (sale_id, customer_id, product_id, quantity, total_amount, sale_date) VALUES (370, 21, 11, 1, 69.99, '2026-01-20 16:45:24');
INSERT INTO fact_sales (sale_id, customer_id, product_id, quantity, total_amount, sale_date) VALUES (371, 466, 10, 5, 99.95, '2025-09-10 11:30:24');
INSERT INTO fact_sales (sale_id, customer_id, product_id, quantity, total_amount, sale_date) VALUES (372, 440, 9, 4, 199.96, '2025-10-07 06:45:24');
INSERT INTO fact_sales (sale_id, customer_id, product_id, quantity, total_amount, sale_date) VALUES (373, 91, 3, 3, 329.97, '2026-06-19 00:36:24');
INSERT INTO fact_sales (sale_id, customer_id, product_id, quantity, total_amount, sale_date) VALUES (374, 455, 4, 4, 1399.96, '2026-04-21 23:55:24');
INSERT INTO fact_sales (sale_id, customer_id, product_id, quantity, total_amount, sale_date) VALUES (375, 105, 11, 3, 209.97, '2025-08-07 00:09:24');
INSERT INTO fact_sales (sale_id, customer_id, product_id, quantity, total_amount, sale_date) VALUES (376, 27, 9, 1, 49.99, '2026-05-30 05:52:24');
INSERT INTO fact_sales (sale_id, customer_id, product_id, quantity, total_amount, sale_date) VALUES (377, 447, 15, 3, 269.97, '2026-06-02 10:25:24');
INSERT INTO fact_sales (sale_id, customer_id, product_id, quantity, total_amount, sale_date) VALUES (378, 114, 8, 1, 199.99, '2025-10-30 07:19:24');
INSERT INTO fact_sales (sale_id, customer_id, product_id, quantity, total_amount, sale_date) VALUES (379, 431, 1, 2, 2599.98, '2025-10-08 12:22:24');
INSERT INTO fact_sales (sale_id, customer_id, product_id, quantity, total_amount, sale_date) VALUES (380, 156, 9, 1, 49.99, '2026-05-17 14:16:24');
INSERT INTO fact_sales (sale_id, customer_id, product_id, quantity, total_amount, sale_date) VALUES (381, 380, 13, 4, 1999.96, '2026-07-03 12:15:24');
INSERT INTO fact_sales (sale_id, customer_id, product_id, quantity, total_amount, sale_date) VALUES (382, 426, 4, 5, 1749.95, '2026-03-15 11:01:24');
INSERT INTO fact_sales (sale_id, customer_id, product_id, quantity, total_amount, sale_date) VALUES (383, 128, 2, 3, 179.97, '2026-01-21 07:28:24');
INSERT INTO fact_sales (sale_id, customer_id, product_id, quantity, total_amount, sale_date) VALUES (384, 83, 13, 5, 2499.95, '2026-04-26 07:34:24');
INSERT INTO fact_sales (sale_id, customer_id, product_id, quantity, total_amount, sale_date) VALUES (385, 325, 10, 1, 19.99, '2026-01-07 13:27:24');
INSERT INTO fact_sales (sale_id, customer_id, product_id, quantity, total_amount, sale_date) VALUES (386, 149, 14, 1, 12.99, '2025-10-04 07:01:24');
INSERT INTO fact_sales (sale_id, customer_id, product_id, quantity, total_amount, sale_date) VALUES (387, 122, 9, 5, 249.95, '2026-04-15 21:31:24');
INSERT INTO fact_sales (sale_id, customer_id, product_id, quantity, total_amount, sale_date) VALUES (388, 227, 10, 5, 99.95, '2025-10-25 11:00:24');
INSERT INTO fact_sales (sale_id, customer_id, product_id, quantity, total_amount, sale_date) VALUES (389, 480, 4, 2, 699.98, '2025-12-16 20:12:24');
INSERT INTO fact_sales (sale_id, customer_id, product_id, quantity, total_amount, sale_date) VALUES (390, 176, 15, 1, 89.99, '2026-03-01 06:34:24');
INSERT INTO fact_sales (sale_id, customer_id, product_id, quantity, total_amount, sale_date) VALUES (391, 442, 15, 3, 269.97, '2025-10-02 22:56:24');
INSERT INTO fact_sales (sale_id, customer_id, product_id, quantity, total_amount, sale_date) VALUES (392, 116, 4, 3, 1049.97, '2026-05-21 11:40:24');
INSERT INTO fact_sales (sale_id, customer_id, product_id, quantity, total_amount, sale_date) VALUES (393, 183, 2, 4, 239.96, '2025-08-07 17:39:24');
INSERT INTO fact_sales (sale_id, customer_id, product_id, quantity, total_amount, sale_date) VALUES (394, 239, 8, 1, 199.99, '2026-05-01 05:49:24');
INSERT INTO fact_sales (sale_id, customer_id, product_id, quantity, total_amount, sale_date) VALUES (395, 392, 6, 1, 599.99, '2025-11-13 05:44:24');
INSERT INTO fact_sales (sale_id, customer_id, product_id, quantity, total_amount, sale_date) VALUES (396, 447, 6, 1, 599.99, '2026-05-06 10:38:24');
INSERT INTO fact_sales (sale_id, customer_id, product_id, quantity, total_amount, sale_date) VALUES (397, 337, 4, 4, 1399.96, '2025-10-03 17:49:24');
INSERT INTO fact_sales (sale_id, customer_id, product_id, quantity, total_amount, sale_date) VALUES (398, 255, 2, 5, 299.95, '2026-01-04 03:07:24');
INSERT INTO fact_sales (sale_id, customer_id, product_id, quantity, total_amount, sale_date) VALUES (399, 335, 1, 5, 6499.95, '2026-06-15 16:09:24');
INSERT INTO fact_sales (sale_id, customer_id, product_id, quantity, total_amount, sale_date) VALUES (400, 16, 9, 1, 49.99, '2025-12-13 22:29:24');
INSERT INTO fact_sales (sale_id, customer_id, product_id, quantity, total_amount, sale_date) VALUES (401, 400, 13, 1, 499.99, '2026-02-10 12:02:24');
INSERT INTO fact_sales (sale_id, customer_id, product_id, quantity, total_amount, sale_date) VALUES (402, 399, 14, 4, 51.96, '2025-12-30 05:42:24');
INSERT INTO fact_sales (sale_id, customer_id, product_id, quantity, total_amount, sale_date) VALUES (403, 5, 4, 2, 699.98, '2025-10-12 19:56:24');
INSERT INTO fact_sales (sale_id, customer_id, product_id, quantity, total_amount, sale_date) VALUES (404, 283, 1, 3, 3899.97, '2025-12-26 08:56:24');
INSERT INTO fact_sales (sale_id, customer_id, product_id, quantity, total_amount, sale_date) VALUES (405, 255, 8, 3, 599.97, '2026-05-11 02:10:24');
INSERT INTO fact_sales (sale_id, customer_id, product_id, quantity, total_amount, sale_date) VALUES (406, 48, 7, 2, 29.98, '2026-04-02 07:45:24');
INSERT INTO fact_sales (sale_id, customer_id, product_id, quantity, total_amount, sale_date) VALUES (407, 285, 15, 5, 449.95, '2025-10-20 00:58:24');
INSERT INTO fact_sales (sale_id, customer_id, product_id, quantity, total_amount, sale_date) VALUES (408, 35, 10, 1, 19.99, '2025-10-05 23:17:24');
INSERT INTO fact_sales (sale_id, customer_id, product_id, quantity, total_amount, sale_date) VALUES (409, 37, 15, 2, 179.98, '2025-11-06 07:25:24');
INSERT INTO fact_sales (sale_id, customer_id, product_id, quantity, total_amount, sale_date) VALUES (410, 154, 6, 4, 2399.96, '2026-05-22 14:30:24');
INSERT INTO fact_sales (sale_id, customer_id, product_id, quantity, total_amount, sale_date) VALUES (411, 35, 1, 4, 5199.96, '2026-03-31 20:49:24');
INSERT INTO fact_sales (sale_id, customer_id, product_id, quantity, total_amount, sale_date) VALUES (412, 445, 8, 3, 599.97, '2025-09-16 16:02:24');
INSERT INTO fact_sales (sale_id, customer_id, product_id, quantity, total_amount, sale_date) VALUES (413, 485, 3, 5, 549.95, '2025-09-02 15:34:24');
INSERT INTO fact_sales (sale_id, customer_id, product_id, quantity, total_amount, sale_date) VALUES (414, 405, 13, 3, 1499.97, '2025-12-31 17:03:24');
INSERT INTO fact_sales (sale_id, customer_id, product_id, quantity, total_amount, sale_date) VALUES (415, 48, 13, 3, 1499.97, '2025-10-16 07:55:24');
INSERT INTO fact_sales (sale_id, customer_id, product_id, quantity, total_amount, sale_date) VALUES (416, 431, 12, 3, 119.97, '2026-05-18 19:59:24');
INSERT INTO fact_sales (sale_id, customer_id, product_id, quantity, total_amount, sale_date) VALUES (417, 40, 4, 5, 1749.95, '2025-08-21 09:25:24');
INSERT INTO fact_sales (sale_id, customer_id, product_id, quantity, total_amount, sale_date) VALUES (418, 177, 1, 5, 6499.95, '2025-12-28 14:12:24');
INSERT INTO fact_sales (sale_id, customer_id, product_id, quantity, total_amount, sale_date) VALUES (419, 358, 6, 3, 1799.97, '2025-11-26 16:35:24');
INSERT INTO fact_sales (sale_id, customer_id, product_id, quantity, total_amount, sale_date) VALUES (420, 295, 13, 5, 2499.95, '2025-12-13 06:18:24');
INSERT INTO fact_sales (sale_id, customer_id, product_id, quantity, total_amount, sale_date) VALUES (421, 167, 6, 3, 1799.97, '2025-12-14 14:31:24');
INSERT INTO fact_sales (sale_id, customer_id, product_id, quantity, total_amount, sale_date) VALUES (422, 228, 13, 2, 999.98, '2026-06-19 15:38:24');
INSERT INTO fact_sales (sale_id, customer_id, product_id, quantity, total_amount, sale_date) VALUES (423, 485, 5, 1, 249.99, '2026-02-11 14:22:24');
INSERT INTO fact_sales (sale_id, customer_id, product_id, quantity, total_amount, sale_date) VALUES (424, 312, 1, 3, 3899.97, '2025-11-03 16:43:24');
INSERT INTO fact_sales (sale_id, customer_id, product_id, quantity, total_amount, sale_date) VALUES (425, 171, 14, 2, 25.98, '2025-12-29 14:28:24');
INSERT INTO fact_sales (sale_id, customer_id, product_id, quantity, total_amount, sale_date) VALUES (426, 104, 11, 1, 69.99, '2025-09-12 10:07:24');
INSERT INTO fact_sales (sale_id, customer_id, product_id, quantity, total_amount, sale_date) VALUES (427, 36, 2, 4, 239.96, '2026-05-25 19:30:24');
INSERT INTO fact_sales (sale_id, customer_id, product_id, quantity, total_amount, sale_date) VALUES (428, 221, 7, 3, 44.97, '2025-11-09 23:19:24');
INSERT INTO fact_sales (sale_id, customer_id, product_id, quantity, total_amount, sale_date) VALUES (429, 370, 2, 5, 299.95, '2026-04-26 09:37:24');
INSERT INTO fact_sales (sale_id, customer_id, product_id, quantity, total_amount, sale_date) VALUES (430, 314, 11, 1, 69.99, '2026-03-12 09:23:24');
INSERT INTO fact_sales (sale_id, customer_id, product_id, quantity, total_amount, sale_date) VALUES (431, 205, 12, 2, 79.98, '2025-07-27 06:44:24');
INSERT INTO fact_sales (sale_id, customer_id, product_id, quantity, total_amount, sale_date) VALUES (432, 149, 11, 2, 139.98, '2026-05-08 00:50:24');
INSERT INTO fact_sales (sale_id, customer_id, product_id, quantity, total_amount, sale_date) VALUES (433, 492, 8, 2, 399.98, '2026-05-26 00:03:24');
INSERT INTO fact_sales (sale_id, customer_id, product_id, quantity, total_amount, sale_date) VALUES (434, 38, 4, 3, 1049.97, '2025-12-17 15:16:24');
INSERT INTO fact_sales (sale_id, customer_id, product_id, quantity, total_amount, sale_date) VALUES (435, 224, 3, 5, 549.95, '2026-05-09 04:56:24');
INSERT INTO fact_sales (sale_id, customer_id, product_id, quantity, total_amount, sale_date) VALUES (436, 159, 7, 5, 74.95, '2025-07-27 19:44:24');
INSERT INTO fact_sales (sale_id, customer_id, product_id, quantity, total_amount, sale_date) VALUES (437, 396, 15, 5, 449.95, '2025-09-10 07:53:24');
INSERT INTO fact_sales (sale_id, customer_id, product_id, quantity, total_amount, sale_date) VALUES (438, 216, 1, 2, 2599.98, '2025-12-31 01:02:24');
INSERT INTO fact_sales (sale_id, customer_id, product_id, quantity, total_amount, sale_date) VALUES (439, 357, 15, 5, 449.95, '2025-09-03 15:23:24');
INSERT INTO fact_sales (sale_id, customer_id, product_id, quantity, total_amount, sale_date) VALUES (440, 80, 2, 3, 179.97, '2026-04-17 15:02:24');
INSERT INTO fact_sales (sale_id, customer_id, product_id, quantity, total_amount, sale_date) VALUES (441, 228, 6, 3, 1799.97, '2025-07-24 19:35:24');
INSERT INTO fact_sales (sale_id, customer_id, product_id, quantity, total_amount, sale_date) VALUES (442, 99, 15, 3, 269.97, '2025-12-03 14:43:24');
INSERT INTO fact_sales (sale_id, customer_id, product_id, quantity, total_amount, sale_date) VALUES (443, 419, 15, 1, 89.99, '2026-05-10 13:05:24');
INSERT INTO fact_sales (sale_id, customer_id, product_id, quantity, total_amount, sale_date) VALUES (444, 32, 1, 1, 1299.99, '2026-01-04 03:27:24');
INSERT INTO fact_sales (sale_id, customer_id, product_id, quantity, total_amount, sale_date) VALUES (445, 487, 7, 1, 14.99, '2025-12-15 02:18:24');
INSERT INTO fact_sales (sale_id, customer_id, product_id, quantity, total_amount, sale_date) VALUES (446, 38, 1, 1, 1299.99, '2026-03-08 22:14:24');
INSERT INTO fact_sales (sale_id, customer_id, product_id, quantity, total_amount, sale_date) VALUES (447, 179, 2, 4, 239.96, '2026-02-18 06:08:24');
INSERT INTO fact_sales (sale_id, customer_id, product_id, quantity, total_amount, sale_date) VALUES (448, 224, 11, 3, 209.97, '2025-10-01 06:14:24');
INSERT INTO fact_sales (sale_id, customer_id, product_id, quantity, total_amount, sale_date) VALUES (449, 388, 5, 2, 499.98, '2025-08-21 23:35:24');
INSERT INTO fact_sales (sale_id, customer_id, product_id, quantity, total_amount, sale_date) VALUES (450, 62, 15, 5, 449.95, '2025-09-10 11:03:24');
INSERT INTO fact_sales (sale_id, customer_id, product_id, quantity, total_amount, sale_date) VALUES (451, 45, 15, 2, 179.98, '2025-08-17 00:53:24');
INSERT INTO fact_sales (sale_id, customer_id, product_id, quantity, total_amount, sale_date) VALUES (452, 334, 11, 1, 69.99, '2026-02-25 12:32:24');
INSERT INTO fact_sales (sale_id, customer_id, product_id, quantity, total_amount, sale_date) VALUES (453, 217, 8, 1, 199.99, '2026-03-17 06:44:24');
INSERT INTO fact_sales (sale_id, customer_id, product_id, quantity, total_amount, sale_date) VALUES (454, 231, 10, 2, 39.98, '2025-12-27 23:50:24');
INSERT INTO fact_sales (sale_id, customer_id, product_id, quantity, total_amount, sale_date) VALUES (455, 281, 5, 3, 749.97, '2025-10-17 07:50:24');
INSERT INTO fact_sales (sale_id, customer_id, product_id, quantity, total_amount, sale_date) VALUES (456, 347, 3, 5, 549.95, '2026-07-18 02:25:24');
INSERT INTO fact_sales (sale_id, customer_id, product_id, quantity, total_amount, sale_date) VALUES (457, 69, 7, 5, 74.95, '2026-02-04 01:34:24');
INSERT INTO fact_sales (sale_id, customer_id, product_id, quantity, total_amount, sale_date) VALUES (458, 72, 9, 3, 149.97, '2025-07-28 16:33:24');
INSERT INTO fact_sales (sale_id, customer_id, product_id, quantity, total_amount, sale_date) VALUES (459, 475, 7, 5, 74.95, '2025-12-17 11:29:24');
INSERT INTO fact_sales (sale_id, customer_id, product_id, quantity, total_amount, sale_date) VALUES (460, 177, 2, 3, 179.97, '2025-08-06 02:57:24');
INSERT INTO fact_sales (sale_id, customer_id, product_id, quantity, total_amount, sale_date) VALUES (461, 298, 11, 5, 349.95, '2026-01-04 06:38:24');
INSERT INTO fact_sales (sale_id, customer_id, product_id, quantity, total_amount, sale_date) VALUES (462, 473, 11, 4, 279.96, '2026-05-09 06:29:24');
INSERT INTO fact_sales (sale_id, customer_id, product_id, quantity, total_amount, sale_date) VALUES (463, 335, 3, 5, 549.95, '2025-09-03 10:20:24');
INSERT INTO fact_sales (sale_id, customer_id, product_id, quantity, total_amount, sale_date) VALUES (464, 305, 2, 1, 59.99, '2026-07-08 01:34:24');
INSERT INTO fact_sales (sale_id, customer_id, product_id, quantity, total_amount, sale_date) VALUES (465, 315, 3, 2, 219.98, '2026-06-17 06:01:24');
INSERT INTO fact_sales (sale_id, customer_id, product_id, quantity, total_amount, sale_date) VALUES (466, 473, 6, 4, 2399.96, '2025-10-28 22:38:24');
INSERT INTO fact_sales (sale_id, customer_id, product_id, quantity, total_amount, sale_date) VALUES (467, 200, 15, 1, 89.99, '2026-04-13 02:09:24');
INSERT INTO fact_sales (sale_id, customer_id, product_id, quantity, total_amount, sale_date) VALUES (468, 67, 15, 3, 269.97, '2025-08-23 08:33:24');
INSERT INTO fact_sales (sale_id, customer_id, product_id, quantity, total_amount, sale_date) VALUES (469, 173, 4, 1, 349.99, '2026-03-18 06:48:24');
INSERT INTO fact_sales (sale_id, customer_id, product_id, quantity, total_amount, sale_date) VALUES (470, 226, 10, 1, 19.99, '2026-03-20 11:54:24');
INSERT INTO fact_sales (sale_id, customer_id, product_id, quantity, total_amount, sale_date) VALUES (471, 182, 2, 4, 239.96, '2026-07-16 12:43:24');
INSERT INTO fact_sales (sale_id, customer_id, product_id, quantity, total_amount, sale_date) VALUES (472, 383, 14, 3, 38.97, '2026-01-31 15:26:24');
INSERT INTO fact_sales (sale_id, customer_id, product_id, quantity, total_amount, sale_date) VALUES (473, 461, 14, 4, 51.96, '2026-05-05 16:43:24');
INSERT INTO fact_sales (sale_id, customer_id, product_id, quantity, total_amount, sale_date) VALUES (474, 172, 8, 2, 399.98, '2025-11-14 00:48:24');
INSERT INTO fact_sales (sale_id, customer_id, product_id, quantity, total_amount, sale_date) VALUES (475, 473, 3, 3, 329.97, '2026-06-03 03:52:24');
INSERT INTO fact_sales (sale_id, customer_id, product_id, quantity, total_amount, sale_date) VALUES (476, 460, 4, 1, 349.99, '2025-08-01 09:02:24');
INSERT INTO fact_sales (sale_id, customer_id, product_id, quantity, total_amount, sale_date) VALUES (477, 154, 12, 5, 199.95, '2026-06-15 14:47:24');
INSERT INTO fact_sales (sale_id, customer_id, product_id, quantity, total_amount, sale_date) VALUES (478, 107, 1, 3, 3899.97, '2026-04-14 02:44:24');
INSERT INTO fact_sales (sale_id, customer_id, product_id, quantity, total_amount, sale_date) VALUES (479, 283, 6, 1, 599.99, '2026-02-24 23:42:24');
INSERT INTO fact_sales (sale_id, customer_id, product_id, quantity, total_amount, sale_date) VALUES (480, 35, 4, 2, 699.98, '2026-06-07 01:38:24');
INSERT INTO fact_sales (sale_id, customer_id, product_id, quantity, total_amount, sale_date) VALUES (481, 209, 9, 1, 49.99, '2026-02-18 03:57:24');
INSERT INTO fact_sales (sale_id, customer_id, product_id, quantity, total_amount, sale_date) VALUES (482, 386, 10, 4, 79.96, '2026-07-11 11:25:24');
INSERT INTO fact_sales (sale_id, customer_id, product_id, quantity, total_amount, sale_date) VALUES (483, 94, 8, 4, 799.96, '2025-07-30 15:01:24');
INSERT INTO fact_sales (sale_id, customer_id, product_id, quantity, total_amount, sale_date) VALUES (484, 480, 3, 5, 549.95, '2026-02-24 04:05:24');
INSERT INTO fact_sales (sale_id, customer_id, product_id, quantity, total_amount, sale_date) VALUES (485, 359, 4, 4, 1399.96, '2025-09-09 18:51:24');
INSERT INTO fact_sales (sale_id, customer_id, product_id, quantity, total_amount, sale_date) VALUES (486, 337, 2, 3, 179.97, '2026-01-16 06:22:24');
INSERT INTO fact_sales (sale_id, customer_id, product_id, quantity, total_amount, sale_date) VALUES (487, 432, 1, 3, 3899.97, '2026-02-17 21:32:24');
INSERT INTO fact_sales (sale_id, customer_id, product_id, quantity, total_amount, sale_date) VALUES (488, 83, 6, 1, 599.99, '2026-05-19 09:11:24');
INSERT INTO fact_sales (sale_id, customer_id, product_id, quantity, total_amount, sale_date) VALUES (489, 313, 7, 2, 29.98, '2026-02-16 09:00:24');
INSERT INTO fact_sales (sale_id, customer_id, product_id, quantity, total_amount, sale_date) VALUES (490, 454, 13, 1, 499.99, '2026-01-04 09:26:24');
INSERT INTO fact_sales (sale_id, customer_id, product_id, quantity, total_amount, sale_date) VALUES (491, 165, 7, 5, 74.95, '2026-06-20 11:39:24');
INSERT INTO fact_sales (sale_id, customer_id, product_id, quantity, total_amount, sale_date) VALUES (492, 434, 6, 1, 599.99, '2025-12-27 15:39:24');
INSERT INTO fact_sales (sale_id, customer_id, product_id, quantity, total_amount, sale_date) VALUES (493, 117, 8, 3, 599.97, '2025-12-10 02:04:24');
INSERT INTO fact_sales (sale_id, customer_id, product_id, quantity, total_amount, sale_date) VALUES (494, 486, 15, 5, 449.95, '2026-05-10 18:20:24');
INSERT INTO fact_sales (sale_id, customer_id, product_id, quantity, total_amount, sale_date) VALUES (495, 444, 14, 4, 51.96, '2025-12-16 06:13:24');
INSERT INTO fact_sales (sale_id, customer_id, product_id, quantity, total_amount, sale_date) VALUES (496, 33, 9, 4, 199.96, '2025-09-30 04:30:24');
INSERT INTO fact_sales (sale_id, customer_id, product_id, quantity, total_amount, sale_date) VALUES (497, 132, 9, 2, 99.98, '2026-05-20 05:21:24');
INSERT INTO fact_sales (sale_id, customer_id, product_id, quantity, total_amount, sale_date) VALUES (498, 190, 15, 5, 449.95, '2025-12-14 12:45:24');
INSERT INTO fact_sales (sale_id, customer_id, product_id, quantity, total_amount, sale_date) VALUES (499, 437, 1, 3, 3899.97, '2026-06-01 20:56:24');
INSERT INTO fact_sales (sale_id, customer_id, product_id, quantity, total_amount, sale_date) VALUES (500, 233, 10, 3, 59.97, '2026-07-17 09:52:24');

-- Auto-increment sequence updates
SELECT setval('dim_customers_customer_id_seq', (SELECT MAX(customer_id) FROM dim_customers));
SELECT setval('dim_products_product_id_seq', (SELECT MAX(product_id) FROM dim_products));
SELECT setval('fact_sales_sale_id_seq', (SELECT MAX(sale_id) FROM fact_sales));

-- ============================================
-- Views for Streamlit Dashboard
-- ============================================

CREATE OR REPLACE VIEW vw_total_revenue AS
SELECT COALESCE(SUM(total_amount), 0) AS total_revenue FROM fact_sales;

CREATE OR REPLACE VIEW vw_category_revenue AS
SELECT p.category, COALESCE(SUM(s.total_amount), 0) AS revenue
FROM dim_products p
LEFT JOIN fact_sales s ON p.product_id = s.product_id
GROUP BY p.category;

CREATE OR REPLACE VIEW vw_category_product_drilldown AS
SELECT 
    p.category, 
    p.product_name, 
    COALESCE(SUM(s.quantity), 0) AS units_sold, 
    COALESCE(SUM(s.total_amount), 0) AS revenue,
    COUNT(s.sale_id) AS orders,
    CASE WHEN COUNT(s.sale_id) > 0 THEN SUM(s.total_amount) / COUNT(s.sale_id) ELSE 0 END AS avg_order_value
FROM dim_products p
LEFT JOIN fact_sales s ON p.product_id = s.product_id
GROUP BY p.category, p.product_name;

CREATE OR REPLACE VIEW vw_monthly_trend AS
SELECT TO_CHAR(sale_date, 'YYYY-MM') AS month, SUM(total_amount) AS monthly_revenue
FROM fact_sales
GROUP BY TO_CHAR(sale_date, 'YYYY-MM');

CREATE OR REPLACE VIEW vw_monthly_daily_drilldown AS
SELECT 
    TO_CHAR(sale_date, 'YYYY-MM') AS month,
    CAST(sale_date AS DATE) AS sale_day,
    SUM(total_amount) AS daily_revenue,

    COUNT(sale_id) AS orders
FROM fact_sales
GROUP BY TO_CHAR(sale_date, 'YYYY-MM'), CAST(sale_date AS DATE);

CREATE OR REPLACE VIEW vw_top_customers AS
SELECT c.first_name || ' ' || c.last_name AS customer_name, SUM(s.total_amount) AS total_spent
FROM dim_customers c
JOIN fact_sales s ON c.customer_id = s.customer_id
GROUP BY c.customer_id, c.first_name, c.last_name
ORDER BY total_spent DESC
LIMIT 5;

CREATE OR REPLACE VIEW vw_customer_orders_drilldown AS
SELECT 
    c.first_name || ' ' || c.last_name AS customer_name,
    p.product_name,
    p.category,
    s.sale_date,
    s.quantity,
    s.total_amount
FROM fact_sales s
JOIN dim_customers c ON s.customer_id = c.customer_id
JOIN dim_products p ON s.product_id = p.product_id;

CREATE OR REPLACE VIEW vw_top_products AS
SELECT p.product_name, p.category, SUM(s.quantity) AS units_sold, SUM(s.total_amount) AS revenue
FROM dim_products p
JOIN fact_sales s ON p.product_id = s.product_id
GROUP BY p.product_id, p.product_name, p.category
ORDER BY revenue DESC
LIMIT 5;
